unemployed,ANYWORK,education_level,latino,race,home_food_costs,outside_food_costs,housing_status,LIVQTR,owe_backrent,owe_backmortgage,expect_eviction,income_bracket,expect_foreclosure,use_credit_cards,weight
2,1,7,1,1,100.0,5.0,3,9,1,77,2,5,77,1,1043.1260186
2,1,7,1,2,0.0,0.0,3,9,1,77,2,8,77,1,1353.8682254
1,2,7,1,2,186.50878955549945,80.75489671399761,1,2,77,77,77,5,77,1,107.8796218
2,2,3,1,2,155.77916356258842,46.76446854918348,3,5,1,77,2,1,77,1,335.90647223
2,1,5,1,1,100.0,0.0,1,6,77,77,77,8,77,1,88.60840646
1,1,7,1,1,125.0,75.0,2,3,77,1,77,8,3,1,52.742529497
1,2,4,1,2,75.0,20.0,2,3,77,2,77,3,4,1,204.64892199
1,2,6,1,2,280.0,94.56626490562559,2,3,77,1,77,4,3,1,107.8796218
1,1,7,1,2,25.0,25.0,2,3,77,1,77,4,3,1,107.8796218
2,1,7,2,1,300.0,200.0,2,2,77,1,77,6,3,1,100.52497169
2,2,4,1,1,125.0,0.0,1,9,77,77,77,5,77,1,137.01810073
1,1,3,1,2,0.0,200.0,1,4,77,77,77,5,77,1,335.90647223
2,1,7,1,1,189.227868327961,83.76211784231891,2,7,77,1,77,6,3,1,54.069355693
2,1,7,1,1,175.0,75.0,3,3,1,77,3,6,77,1,880.1230212
1,2,3,1,3,250.0,250.0,3,2,1,77,3,1,77,1,626.02659742
2,1,7,1,3,150.0,50.0,2,2,77,1,77,8,3,1,181.68687756
2,1,7,1,3,80.0,0.0,3,9,1,77,2,4,77,1,392.83401812
1,2,4,1,4,186.50878955549945,80.75489671399761,1,4,77,77,77,5,77,1,332.6386948
2,1,6,1,1,150.0,50.0,2,9,77,1,77,6,2,1,87.829654772
2,1,7,1,3,400.0,200.0,1,3,77,77,77,6,77,1,138.63335259
2,2,7,1,1,100.0,0.0,1,8,77,77,77,4,77,1,80.389594947
2,1,7,2,1,300.0,0.0,2,3,77,1,77,8,3,1,76.996629478
1,1,6,1,4,150.0,100.0,2,3,77,1,77,6,3,1,109.52223174
1,2,6,1,1,186.50878955549945,80.75489671399761,2,2,77,1,77,5,3,1,68.094076165
1,1,7,1,1,500.0,150.0,2,2,77,1,77,8,3,1,55.806555255
1,1,7,1,2,165.0,100.0,2,2,77,1,77,6,3,1,133.76810475
1,1,7,1,1,183.0,0.0,3,9,1,77,2,5,77,1,40.414232465
1,2,7,2,2,100.0,34.0,1,3,77,77,77,6,77,1,100.52497169
2,1,7,1,1,175.0,75.0,3,9,1,77,2,6,77,1,54.069355693
1,2,7,1,1,300.0,0.0,2,3,77,1,77,7,3,1,52.742529497
1,1,6,1,3,186.50878955549945,80.75489671399761,1,3,77,77,77,5,77,1,111.40449979
2,1,7,1,1,151.33547878104926,0.0,1,2,77,77,77,7,77,1,80.389594947
1,1,7,1,1,186.50878955549945,80.75489671399761,1,3,77,77,77,5,77,1,150.17999935
2,1,7,1,1,200.0,0.0,3,3,1,77,3,6,77,1,51.796716957
2,1,6,1,1,400.0,0.0,3,4,1,77,3,6,77,1,167.5928172
2,1,7,1,1,75.0,100.0,2,5,77,1,77,7,3,1,55.806555255
2,1,7,1,1,400.0,200.0,2,5,77,1,77,7,3,1,150.17999935
2,2,5,1,1,200.0,50.0,1,2,77,77,77,8,77,1,88.60840646
1,1,7,1,1,186.50878955549945,80.75489671399761,2,2,77,1,77,5,3,1,93.047593504
2,2,4,1,2,186.50878955549945,80.75489671399761,1,4,77,77,77,5,77,1,174.83785779
2,1,7,1,1,200.0,30.0,2,5,77,1,77,6,3,1,54.069355693
1,1,7,1,2,300.0,100.0,2,4,77,1,77,6,3,1,133.76810475
2,1,7,1,1,90.0,120.0,1,3,77,77,77,8,77,1,55.157586462
2,1,7,1,1,200.0,30.0,3,9,1,77,2,7,77,1,51.796716957
2,1,6,1,1,130.0,20.0,3,3,1,77,3,4,77,1,235.11699558
2,1,7,1,1,100.0,80.0,2,6,77,1,77,7,3,1,245.10344501
2,1,7,1,1,250.0,125.0,2,2,77,1,77,8,3,1,150.17999935
2,1,7,1,2,186.50878955549945,80.75489671399761,1,5,77,77,77,5,77,1,298.66076603
2,1,7,1,1,186.50878955549945,80.75489671399761,2,2,77,1,77,5,3,1,150.17999935
1,1,7,1,1,250.0,10.0,2,3,77,1,77,8,3,1,40.414232465
2,1,7,1,1,350.0,100.0,3,5,1,77,2,5,77,1,87.829654772
2,1,7,1,1,250.0,50.0,2,3,77,2,77,5,3,1,56.538982314
2,1,6,1,1,100.0,150.0,2,8,77,1,77,7,3,1,55.157586462
2,1,7,1,1,100.0,40.0,3,9,1,77,2,4,77,1,68.094076165
2,1,7,1,1,200.0,100.0,2,2,77,1,77,8,3,1,56.538982314
2,1,7,1,2,250.0,64.0,3,3,1,77,3,8,77,1,108.61604004
2,2,7,1,2,59.0,0.0,1,3,77,77,77,4,77,1,107.8796218
1,1,4,1,2,230.0,76.51993390775704,2,3,77,1,77,3,3,1,145.67257955
2,1,7,1,1,186.50878955549945,80.75489671399761,1,5,77,77,77,5,77,1,68.094076165
2,1,3,1,2,150.0,60.0,2,2,77,1,77,5,3,1,335.90647223
2,1,6,1,1,200.0,150.0,2,3,77,1,77,7,3,1,93.047593504
2,2,4,1,1,200.0,200.0,2,8,77,1,77,8,3,1,137.01810073
2,1,7,1,3,100.0,20.0,2,9,77,1,77,6,2,1,111.40449979
1,2,6,1,2,250.0,0.0,3,6,2,77,1,1,77,1,79.743425153
1,1,7,1,1,75.0,25.0,2,2,77,1,77,6,3,1,40.414232465
1,2,7,1,2,350.0,0.0,1,3,77,77,77,5,77,1,133.76810475
2,1,6,1,2,300.0,0.0,1,3,77,77,77,5,77,1,108.61604004
2,1,7,1,1,120.0,50.0,2,3,77,1,77,8,3,1,51.796716957
2,1,7,1,2,186.50878955549945,80.75489671399761,1,5,77,77,77,5,77,1,108.61604004
1,1,4,1,2,200.0,60.0,2,2,77,1,77,6,3,1,81.006254031
2,2,4,1,2,0.0,50.0,2,3,77,1,77,5,3,1,183.87281211
1,1,3,1,2,40.0,30.0,3,2,1,77,3,3,77,1,762.46048398
1,1,6,1,2,60.0,20.0,3,2,1,77,3,4,77,1,133.76810475
1,1,7,1,1,300.0,100.0,3,4,1,77,3,1,77,1,994.22891898
2,1,6,1,2,125.0,75.0,2,2,77,1,77,5,3,1,79.743425153
2,2,7,1,1,75.0,70.0,1,5,77,77,77,7,77,1,40.414232465
1,1,6,1,1,200.0,60.0,2,7,77,1,77,7,3,1,52.742529497
1,1,4,1,2,200.0,84.27172962269773,1,4,77,77,77,5,77,1,81.006254031
2,1,7,1,2,100.0,75.0,2,2,77,1,77,6,3,1,108.61604004
1,2,6,1,1,186.50878955549945,80.75489671399761,1,4,77,77,77,5,77,1,40.414232465
2,1,6,1,1,100.0,80.0,3,7,1,77,2,7,77,1,167.5928172
1,2,3,1,2,230.0,70.0,3,7,2,77,2,1,77,1,496.83719384
2,1,6,1,1,150.0,50.0,3,9,1,77,2,7,77,1,167.5928172
1,1,3,1,2,186.50878955549945,80.75489671399761,1,3,77,77,77,5,77,1,549.59231247
1,1,6,1,2,100.0,15.0,1,8,77,77,77,3,77,1,114.54682373
2,1,7,1,2,80.0,0.0,1,2,77,77,77,5,77,1,79.743425153
2,2,6,1,1,300.0,70.0,3,7,2,77,2,1,77,1,899.75405235
2,1,6,1,2,100.0,100.0,3,7,1,77,2,3,77,1,3546.1509377
2,1,7,1,1,186.50878955549945,80.75489671399761,1,5,77,77,77,5,77,1,93.047593504
2,1,3,2,1,186.50878955549945,80.75489671399761,1,5,77,77,77,5,77,1,420.19404469
2,1,6,1,2,300.0,45.0,1,3,77,77,77,4,77,1,74.386360892
2,2,6,1,1,80.0,0.0,1,9,77,77,77,6,77,1,56.538982314
1,2,4,1,2,189.227868327961,83.76211784231891,2,3,77,1,77,6,3,1,209.71633423
2,2,4,1,1,186.50878955549945,80.75489671399761,1,5,77,77,77,5,77,1,88.60840646
2,1,7,1,1,444.0,92.0,2,2,77,1,77,8,3,1,40.414232465
2,1,7,1,1,200.0,200.0,3,3,1,77,3,8,77,1,150.17999935
2,1,7,1,4,30.0,30.0,3,4,1,77,3,1,77,1,109.52223174
2,2,7,1,1,145.86700294241987,0.0,1,3,77,77,77,5,77,1,80.389594947
1,2,3,1,2,100.0,100.0,3,6,1,77,2,3,77,1,891.08127574
2,1,7,1,1,150.0,30.0,2,3,77,1,77,8,3,1,55.806555255
2,1,7,2,1,100.0,50.0,3,6,1,77,2,5,77,1,3096.2392635
2,2,7,1,1,186.50878955549945,80.75489671399761,1,4,77,77,77,5,77,1,54.069355693
1,2,6,2,4,100.0,25.0,1,2,77,77,77,5,77,1,76.996629478
2,1,7,1,1,200.0,70.0,2,3,77,1,77,8,3,1,56.538982314
2,1,6,1,1,150.0,50.0,2,3,77,1,77,7,3,1,150.17999935
1,1,4,1,2,100.0,0.0,3,7,2,77,4,2,77,1,81.006254031
2,2,3,1,2,100.0,50.0,2,2,77,1,77,5,3,1,604.05659887
1,2,4,1,2,186.50878955549945,80.75489671399761,1,2,77,77,77,5,77,1,174.83785779
1,2,6,1,2,397.0,397.0,3,3,2,77,2,1,77,1,108.61604004
2,2,4,1,2,186.50878955549945,80.75489671399761,1,4,77,77,77,5,77,1,145.67257955
2,1,7,1,2,200.0,50.0,2,2,77,2,77,8,4,1,95.65147396
2,1,7,1,1,50.0,100.0,1,4,77,77,77,5,77,1,93.047593504
2,1,6,1,2,186.50878955549945,80.75489671399761,1,5,77,77,77,5,77,1,114.54682373
2,1,6,1,1,0.0,70.0,2,3,77,1,77,5,3,1,55.806555255
1,1,7,1,1,140.0,79.0,3,9,1,77,2,5,77,1,308.72544026
1,1,7,1,1,150.0,50.0,2,7,77,1,77,6,3,1,57.77454569
2,1,7,1,1,400.0,75.0,2,8,77,1,77,8,3,1,93.047593504
2,1,6,1,2,400.0,150.0,2,8,77,1,77,6,3,1,298.66076603
1,1,7,1,2,400.0,100.0,3,9,1,77,2,6,77,1,74.386360892
2,1,4,1,2,90.0,120.0,3,9,1,77,2,2,77,1,145.67257955
1,2,3,1,2,186.50878955549945,80.75489671399761,1,4,77,77,77,5,77,1,496.83719384
1,2,1,2,4,40.0,40.0,3,9,1,77,2,2,77,1,420.19404469
2,1,6,1,1,250.0,50.0,2,3,77,1,77,8,3,1,55.157586462
2,1,7,1,2,182.53812737488647,76.36258798369182,1,3,77,77,77,5,77,1,107.8796218
2,2,7,1,1,145.86700294241987,0.0,1,2,77,77,77,5,77,1,80.389594947
2,2,7,1,1,140.0,34.0,2,3,77,1,77,6,3,1,56.538982314
2,2,6,1,1,250.0,40.0,1,9,77,77,77,6,77,1,80.389594947
1,2,7,1,1,186.50878955549945,80.75489671399761,1,4,77,77,77,5,77,1,40.414232465
1,2,6,1,2,186.50878955549945,80.75489671399761,1,4,77,77,77,5,77,1,108.61604004
2,1,7,1,1,50.0,35.0,2,9,77,1,77,5,2,1,55.806555255
2,2,4,1,1,186.50878955549945,80.75489671399761,1,3,77,77,77,5,77,1,143.07152929
2,1,4,1,2,100.0,0.0,3,7,1,77,2,1,77,1,174.83785779
2,1,7,1,3,11.0,75.0,2,3,77,1,77,8,3,1,109.52223174
1,1,7,1,2,200.0,50.0,2,9,77,1,77,5,2,1,133.76810475
2,1,4,2,4,100.0,25.0,3,3,1,77,3,5,77,1,109.47102796
2,1,6,1,1,100.0,40.0,2,3,77,1,77,8,3,1,938.04260833
2,1,7,1,1,60.0,40.0,2,3,77,1,77,7,3,1,51.796716957
1,1,6,1,1,500.0,150.0,2,2,77,1,77,6,3,1,93.047593504
2,2,3,1,2,200.0,0.0,1,4,77,77,77,5,77,1,762.46048398
1,1,6,1,1,186.50878955549945,80.75489671399761,1,3,77,77,77,5,77,1,55.157586462
1,1,7,1,1,186.50878955549945,80.75489671399761,1,3,77,77,77,5,77,1,150.17999935
1,2,3,1,2,100.0,35.0,1,4,77,77,77,5,77,1,721.08245031
2,1,6,1,1,200.0,0.0,1,9,77,77,77,7,77,1,80.389594947
1,2,3,1,2,400.0,0.0,3,5,1,77,2,1,77,1,738.93752621
2,2,3,1,2,250.0,100.0,1,4,77,77,77,5,77,1,616.04287811
1,1,7,1,1,150.0,40.0,3,9,1,77,2,8,77,1,52.742529497
2,2,7,1,3,5.0,0.0,1,9,77,77,77,1,77,1,685.9992645
1,1,7,1,1,186.50878955549945,80.75489671399761,1,4,77,77,77,5,77,1,52.742529497
2,2,7,1,1,300.0,100.0,1,2,77,77,77,8,77,1,56.538982314
2,1,6,1,1,150.0,250.0,3,9,2,77,2,5,77,1,55.157586462
2,1,7,1,1,100.0,70.0,2,9,77,1,77,8,2,1,87.829654772
1,1,7,1,2,300.0,200.0,2,3,77,1,77,6,3,1,133.76810475
2,1,7,1,1,100.0,50.0,2,3,77,1,77,6,3,1,54.069355693
2,1,6,2,1,186.50878955549945,80.75489671399761,1,5,77,77,77,5,77,1,78.319906896
1,2,4,1,2,320.0,175.0,3,6,2,77,2,1,77,1,232.13375704
2,2,4,1,2,110.0,0.0,2,3,77,1,77,5,3,1,183.87281211
2,1,6,2,1,55.0,0.0,3,8,1,77,3,5,77,1,76.996629478
1,2,5,1,4,186.50878955549945,80.75489671399761,1,2,77,77,77,5,77,1,150.97080221
2,2,7,1,1,186.50878955549945,80.75489671399761,1,4,77,77,77,5,77,1,80.389594947
2,1,7,1,1,150.0,100.0,2,3,77,1,77,8,3,1,443.82323203
2,1,7,1,2,125.0,25.0,3,4,1,77,3,6,77,1,304.1776162
2,2,2,1,2,155.77916356258842,46.76446854918348,3,9,1,77,2,1,77,1,335.90647223
2,1,7,1,1,300.0,85.0,2,3,77,1,77,8,3,1,167.5928172
2,1,7,1,4,50.0,0.0,3,6,1,77,2,4,77,1,181.68687756
1,2,6,1,2,100.0,44.562513690025874,4,2,77,77,77,3,77,1,79.743425153
1,2,5,1,1,250.0,50.0,1,8,77,77,77,7,77,1,88.60840646
2,2,7,2,1,135.90743319856927,0.0,1,9,77,77,77,2,77,1,64.227511174
2,2,4,2,1,100.0,0.0,3,8,1,77,2,1,77,1,164.55688196
2,1,6,1,2,110.0,27.0,2,3,77,1,77,5,3,1,74.386360892
1,1,7,1,4,100.0,0.0,1,4,77,77,77,5,77,1,151.716277
1,2,3,2,1,150.0,20.0,3,5,2,77,4,5,77,1,363.2692635
1,1,3,1,2,186.50878955549945,80.75489671399761,1,4,77,77,77,5,77,1,616.04287811
2,1,7,1,3,300.0,75.0,1,3,77,77,77,7,77,1,181.68687756
1,1,3,1,2,0.0,0.0,1,3,77,77,77,4,77,1,335.90647223
2,1,7,1,2,300.0,0.0,3,9,1,77,2,3,77,1,108.61604004
2,1,7,1,1,155.0,40.0,2,9,77,1,77,5,2,1,57.213239253
2,1,7,1,1,100.0,150.0,3,3,1,77,3,8,77,1,590.08067835
2,1,4,1,2,95.0,80.0,3,9,1,77,2,4,77,1,252.89593777
1,1,6,1,1,200.0,50.0,2,2,77,1,77,5,3,1,150.17999935
2,1,7,1,1,300.0,250.0,2,3,77,1,77,6,3,1,80.389594947
1,2,4,1,2,150.0,100.0,2,2,77,1,77,5,3,1,81.006254031
2,1,4,1,1,200.0,200.0,1,9,77,77,77,8,77,1,57.436265081
2,1,4,1,1,150.0,100.0,2,3,77,1,77,8,3,1,86.974946465
1,1,4,1,2,350.0,0.0,3,7,2,77,4,2,77,1,81.006254031
2,1,7,1,1,200.0,140.0,2,2,77,1,77,5,3,1,55.157586462
1,2,6,1,2,150.0,0.0,2,3,77,1,77,3,3,1,133.76810475
2,1,4,1,2,150.0,20.0,3,6,1,77,2,1,77,1,256.78216107
1,1,3,1,2,400.0,100.0,3,7,1,77,2,2,77,1,549.59231247
2,1,7,1,1,150.0,300.0,2,2,77,1,77,8,3,1,55.157586462
1,2,5,1,1,186.50878955549945,80.75489671399761,1,2,77,77,77,5,77,1,62.916097367
1,1,6,1,1,50.0,0.0,3,9,1,77,2,6,77,1,167.5928172
2,1,7,1,1,125.0,0.0,1,3,77,77,77,6,77,1,52.742529497
1,2,6,1,1,350.0,50.0,4,2,77,77,77,5,77,1,282.17409109
2,1,7,1,1,100.0,20.0,3,4,1,77,3,7,77,1,80.389594947
2,1,7,1,1,200.0,200.0,2,3,77,1,77,8,3,1,87.829654772
2,1,5,1,3,186.50878955549945,80.75489671399761,1,5,77,77,77,5,77,1,234.07046623
1,1,7,1,1,100.0,0.0,3,9,1,77,2,5,77,1,51.796716957
2,1,7,1,1,250.0,50.0,2,3,77,1,77,7,3,1,54.069355693
1,1,7,1,1,115.0,30.0,3,9,1,77,2,6,77,1,56.538982314
2,1,7,1,1,200.0,100.0,3,7,1,77,2,4,77,1,55.157586462
2,1,6,1,1,150.0,45.0,1,5,77,77,77,5,77,1,167.5928172
2,2,4,1,2,200.0,30.0,3,9,2,77,2,6,77,1,490.65458943
2,1,7,1,3,350.0,50.0,3,9,1,77,2,1,77,1,111.40449979
2,1,7,1,1,200.0,0.0,2,2,77,1,77,8,3,1,40.414232465
2,2,3,1,2,186.50878955549945,80.75489671399761,1,4,77,77,77,5,77,1,762.46048398
2,2,1,1,2,158.03571781371014,20.0,1,3,77,77,77,6,77,1,721.08245031
2,1,7,1,3,60.0,12.0,1,7,77,77,77,5,77,1,138.63335259
2,1,6,1,1,100.0,20.0,2,3,77,1,77,7,3,1,52.742529497
2,1,7,1,1,186.50878955549945,80.75489671399761,1,5,77,77,77,5,77,1,87.829654772
2,1,7,1,1,150.0,25.0,2,6,77,1,77,7,3,1,55.157586462
2,1,6,1,1,300.0,150.0,2,9,77,1,77,8,2,1,93.047593504
2,2,7,1,1,250.0,250.0,1,3,77,77,77,6,77,1,342.45641261
2,1,7,1,4,75.0,20.0,2,3,77,1,77,7,3,1,869.20065213
2,1,7,1,1,200.0,200.0,3,9,1,77,2,8,77,1,87.829654772
1,1,6,1,1,186.50878955549945,80.75489671399761,1,4,77,77,77,5,77,1,52.742529497
2,1,6,1,1,400.0,100.0,1,2,77,77,77,8,77,1,93.047593504
2,1,5,1,1,150.0,250.0,3,3,1,77,3,5,77,1,62.916097367
1,1,7,1,1,150.0,500.0,2,2,77,1,77,8,3,1,55.806555255
2,1,7,1,1,186.50878955549945,80.75489671399761,1,5,77,77,77,5,77,1,80.389594947
1,1,7,1,1,200.0,130.0,3,9,1,77,2,5,77,1,80.389594947
2,1,7,1,1,150.0,30.0,2,9,77,1,77,8,2,1,189.07722689
1,1,7,1,1,300.0,80.0,2,2,77,1,77,8,3,1,55.806555255
2,1,7,1,1,600.0,100.0,2,2,77,1,77,8,3,1,87.829654772
1,1,7,1,1,140.0,50.0,2,2,77,1,77,7,3,1,51.796716957
2,1,6,2,4,100.0,50.0,3,3,1,77,3,6,77,1,140.83504915
2,1,4,1,2,350.0,350.0,2,3,77,1,77,8,3,1,145.67257955
1,1,7,1,4,186.50878955549945,80.75489671399761,1,4,77,77,77,5,77,1,109.52223174
2,1,5,1,1,150.0,60.0,2,3,77,1,77,6,3,1,88.60840646
2,2,7,1,2,200.0,70.0,1,3,77,77,77,1,77,1,107.8796218
1,2,7,1,2,200.0,50.0,2,3,77,1,77,6,3,1,108.61604004
2,2,7,1,1,186.50878955549945,80.75489671399761,1,2,77,77,77,5,77,1,80.389594947
2,1,7,1,1,200.0,97.9202222742942,2,2,77,1,77,8,3,1,54.069355693
2,2,6,1,1,140.0,150.0,2,8,77,1,77,8,3,1,342.45641261
2,2,3,1,2,200.0,0.0,4,9,77,77,77,1,77,1,616.04287811
2,1,7,2,1,200.0,0.0,2,3,77,2,77,8,4,1,54.391850865
2,1,7,2,1,200.0,35.0,2,5,77,1,77,5,3,1,79.416093158
2,1,7,1,1,500.0,50.0,2,9,77,1,77,8,2,1,54.069355693
2,1,3,1,2,300.0,300.0,3,7,1,77,2,2,77,1,616.04287811
2,1,7,2,1,250.0,0.0,1,2,77,77,77,8,77,1,77.522584905
2,2,7,1,1,65.0,110.0,1,9,77,77,77,8,77,1,80.389594947
2,1,7,1,1,300.0,150.0,1,5,77,77,77,6,77,1,55.806555255
2,1,7,1,1,90.0,117.0,2,3,77,1,77,7,3,1,52.742529497
2,1,4,1,2,500.0,500.0,1,2,77,77,77,7,77,1,81.006254031
2,1,6,1,1,350.0,0.0,2,2,77,1,77,5,3,1,51.796716957
2,1,7,1,1,60.0,20.0,3,6,1,77,2,5,77,1,288.20960436
2,1,4,1,2,100.0,25.0,3,9,1,77,2,3,77,1,5270.7481786
2,1,7,2,1,150.0,100.0,3,7,1,77,2,5,77,1,422.83935536
2,1,7,1,1,330.0,0.0,2,3,77,1,77,8,3,1,87.829654772
1,2,3,1,2,186.50878955549945,80.75489671399761,3,3,2,77,4,5,77,1,762.46048398
2,1,7,1,1,186.50878955549945,80.75489671399761,1,5,77,77,77,5,77,1,93.047593504
2,1,7,1,1,200.0,100.0,2,3,77,1,77,8,3,1,87.829654772
2,1,6,2,2,40.0,10.0,1,9,77,77,77,4,77,1,64.227511174
1,2,3,1,2,186.50878955549945,80.75489671399761,1,2,77,77,77,5,77,1,496.83719384
2,2,6,1,1,200.0,50.0,1,7,77,77,77,1,77,1,167.5928172
2,1,3,2,1,186.50878955549945,80.75489671399761,1,5,77,77,77,5,77,1,420.19404469
2,1,7,1,1,200.0,0.0,3,3,1,77,3,7,77,1,51.796716957
2,1,6,1,1,125.0,60.0,3,9,1,77,2,7,77,1,93.047593504
2,1,6,1,2,150.0,50.0,2,2,77,1,77,8,3,1,133.03419262
2,1,7,1,1,250.0,75.0,2,2,77,1,77,8,3,1,54.069355693
2,2,4,1,4,186.50878955549945,80.75489671399761,3,1,2,77,1,5,77,1,150.97080221
2,2,7,1,2,65.0,0.0,3,9,1,77,2,1,77,1,107.8796218
2,1,6,1,2,100.0,100.0,1,2,77,77,77,6,77,1,79.743425153
1,1,4,1,2,150.0,20.0,1,9,77,77,77,4,77,1,81.006254031
2,1,7,2,1,350.0,100.0,2,6,77,1,77,8,3,1,79.416093158
1,2,4,1,2,150.0,50.0,4,5,77,77,77,2,77,1,256.78216107
2,2,6,2,1,300.0,0.0,1,2,77,77,77,8,77,1,64.227511174
2,1,2,1,2,189.0,340.0,3,6,1,77,2,6,77,1,738.93752621
1,2,7,1,1,215.0,50.0,2,2,77,1,77,8,3,1,80.389594947
2,2,3,1,2,100.0,20.0,1,4,77,77,77,5,77,1,891.08127574
2,1,6,1,1,200.0,100.0,1,9,77,77,77,7,77,1,80.389594947
1,1,6,2,1,250.0,25.0,3,7,1,77,2,5,77,1,78.319906896
1,1,7,1,1,50.0,100.0,3,9,1,77,2,7,77,1,93.047593504
2,1,7,2,1,100.0,20.0,3,9,1,77,2,7,77,1,65.136620433
2,1,7,1,1,200.0,100.0,1,5,77,77,77,5,77,1,57.77454569
2,1,7,1,1,100.0,0.0,2,9,77,1,77,6,2,1,93.047593504
2,1,6,1,1,30.0,20.0,3,9,1,77,2,4,77,1,54.069355693
2,1,7,1,2,105.0,50.0,3,3,1,77,3,6,77,1,2370.2597042
1,2,6,2,1,189.227868327961,83.76211784231891,2,8,77,1,77,6,3,1,869.31771427
1,1,3,1,2,186.50878955549945,80.75489671399761,1,4,77,77,77,5,77,1,335.90647223
1,1,7,1,1,186.50878955549945,80.75489671399761,1,4,77,77,77,5,77,1,54.069355693
1,1,4,1,2,186.50878955549945,80.75489671399761,1,3,77,77,77,5,77,1,174.83785779
2,1,7,1,2,200.0,0.0,1,5,77,77,77,5,77,1,79.743425153
2,2,5,1,2,50.0,20.0,3,8,1,77,2,1,77,1,183.87281211
1,2,7,1,1,300.0,50.0,2,2,77,1,77,6,3,1,93.047593504
2,1,7,1,1,500.0,200.0,2,2,77,1,77,6,3,1,54.069355693
2,2,7,1,2,60.0,10.0,2,9,77,2,77,3,3,1,133.03419262
2,2,6,2,1,300.0,0.0,1,7,77,77,77,7,77,1,100.52497169
2,1,7,1,1,300.0,100.0,2,2,77,1,77,8,3,1,93.047593504
2,1,7,1,2,250.0,25.0,3,2,1,77,3,4,77,1,133.03419262
2,1,7,1,2,150.0,200.0,1,6,77,77,77,6,77,1,133.03419262
2,1,6,1,1,186.50878955549945,80.75489671399761,3,6,1,77,2,5,77,1,112.08289325
2,1,7,1,1,300.0,60.0,1,2,77,77,77,8,77,1,646.85154191
2,1,7,1,1,140.0,0.0,3,7,1,77,2,7,77,1,161.30341919
2,1,6,1,1,100.0,140.0,2,8,77,1,77,8,3,1,156.86846997
1,1,6,1,3,100.0,30.0,3,9,1,77,2,2,77,1,601.45892331
2,1,7,1,2,130.0,55.0,1,3,77,77,77,5,77,1,107.8796218
2,2,2,1,2,300.0,50.0,1,2,77,77,77,6,77,1,762.46048398
1,1,4,1,1,186.50878955549945,80.75489671399761,1,4,77,77,77,5,77,1,137.01810073
2,1,7,1,1,300.0,170.0,2,2,77,1,77,7,3,1,51.796716957
2,1,7,1,2,400.0,400.0,2,9,77,1,77,8,2,1,108.61604004
2,1,7,1,3,200.0,100.0,3,8,1,77,3,8,77,1,181.68687756
2,1,7,1,1,180.0,300.0,2,3,77,1,77,8,3,1,55.157586462
2,2,6,1,1,120.0,100.0,1,9,77,77,77,7,77,1,80.389594947
2,2,7,1,1,250.0,0.0,1,2,77,77,77,6,77,1,55.806555255
1,2,7,1,1,70.0,25.0,3,9,1,77,2,4,77,1,80.389594947
1,2,2,1,2,155.77916356258842,46.76446854918348,3,9,1,77,2,1,77,1,721.08245031
2,1,5,1,2,186.50878955549945,80.75489671399761,1,2,77,77,77,5,77,1,204.64892199
2,1,7,1,1,150.0,200.0,2,9,77,1,77,4,2,1,87.829654772
1,2,6,1,1,60.0,200.0,1,2,77,77,77,4,77,1,40.414232465
2,1,7,1,1,50.0,25.0,3,9,1,77,2,6,77,1,51.796716957
2,1,7,2,1,500.0,300.0,2,3,77,1,77,8,3,1,562.65362812
2,1,7,1,1,250.0,200.0,2,3,77,1,77,8,3,1,312.35781777
2,1,6,1,1,100.0,60.0,3,9,1,77,2,5,77,1,143.84603546
2,2,5,1,2,75.0,50.0,2,3,77,1,77,4,3,1,354.77081789
2,1,7,1,1,115.0,20.0,2,3,77,1,77,5,3,1,295.20799737
1,2,6,1,2,80.0,11.0,1,2,77,77,77,6,77,1,107.8796218
2,1,7,1,1,100.0,200.0,2,3,77,1,77,8,3,1,40.414232465
1,2,6,2,1,390.0,390.0,1,9,77,77,77,5,77,1,54.391850865
2,1,4,1,2,186.50878955549945,80.75489671399761,1,5,77,77,77,5,77,1,252.89593777
2,1,7,1,1,350.0,100.0,2,3,77,1,77,8,3,1,51.796716957
2,2,6,1,2,75.0,35.0,1,2,77,77,77,7,77,1,107.8796218
1,2,6,1,1,250.0,80.0,3,2,1,77,3,7,77,1,52.742529497
2,1,7,1,1,130.0,100.0,2,9,77,1,77,7,2,1,1182.7694138
2,1,6,2,1,150.0,150.0,2,3,77,16,77,5,77,1,65.136620433
2,1,7,1,1,190.0,85.0,2,3,77,1,77,8,3,1,40.414232465
1,1,6,1,1,500.0,500.0,1,4,77,77,77,7,77,1,54.069355693
2,1,7,1,1,200.0,75.0,2,3,77,1,77,8,3,1,93.047593504
1,2,3,1,2,330.0,0.0,3,3,1,77,3,1,77,1,549.59231247
2,1,7,1,1,250.0,60.0,2,3,77,1,77,8,3,1,51.796716957
1,1,6,1,1,250.0,110.0,2,3,77,1,77,8,3,1,87.829654772
1,2,5,1,2,150.0,100.0,3,7,2,77,2,1,77,1,256.78216107
2,2,3,1,2,59.0,0.0,3,8,1,77,2,1,77,1,335.90647223
2,2,4,1,2,100.0,150.0,1,2,77,77,77,6,77,1,204.64892199
2,1,7,1,1,44.0,50.0,2,8,77,1,77,4,3,1,55.157586462
2,1,3,1,2,240.0,42.0,3,3,1,77,3,5,77,1,738.93752621
2,1,7,1,1,400.0,300.0,2,3,77,1,77,8,3,1,150.17999935
2,1,7,1,1,120.0,20.0,3,3,1,77,3,4,77,1,1046.5783811
1,2,6,1,1,41.0,0.0,3,9,1,77,2,4,77,1,808.51554509
2,1,7,1,1,140.0,200.0,2,2,77,1,77,8,3,1,55.806555255
1,1,5,1,1,300.0,200.0,2,3,77,1,77,7,3,1,88.60840646
1,1,4,1,2,175.84838642181197,68.96305812506473,1,3,77,77,77,4,77,1,204.64892199
2,1,7,1,1,250.0,150.0,3,6,1,77,2,4,77,1,93.047593504
1,2,4,1,2,100.0,0.0,3,7,2,77,2,2,77,1,252.89593777
2,1,5,1,2,300.0,110.33946556788162,1,5,77,77,77,5,77,1,81.006254031
1,1,7,1,2,186.50878955549945,80.75489671399761,1,4,77,77,77,5,77,1,108.61604004
2,2,4,1,1,65.0,47.46862392119599,1,3,77,77,77,5,77,1,137.01810073
2,1,4,1,2,186.50878955549945,80.75489671399761,1,5,77,77,77,5,77,1,252.89593777
1,2,6,1,1,186.50878955549945,80.75489671399761,1,2,77,77,77,5,77,1,56.538982314
2,1,7,1,2,100.0,200.0,3,9,1,77,2,7,77,1,122.21400107
1,2,7,1,2,186.50878955549945,80.75489671399761,1,4,77,77,77,5,77,1,74.386360892
1,1,7,1,2,200.0,100.0,2,2,77,1,77,6,3,1,108.61604004
2,2,7,1,2,50.0,50.0,2,2,77,2,77,5,4,1,133.03419262
2,1,7,1,1,100.0,30.0,2,2,77,1,77,8,3,1,51.796716957
2,1,7,1,1,120.0,0.0,2,3,77,1,77,6,3,1,51.796716957
2,2,6,1,1,250.0,0.0,2,2,77,1,77,7,3,1,56.538982314
1,2,6,1,1,100.0,50.0,2,2,77,1,77,6,3,1,150.17999935
2,2,6,1,1,186.50878955549945,80.75489671399761,1,4,77,77,77,5,77,1,80.389594947
1,1,4,1,1,60.0,15.0,2,9,77,1,77,3,3,1,60.772968826
2,1,7,1,1,200.0,100.0,2,7,77,1,77,7,3,1,80.389594947
1,1,4,1,1,25.0,0.0,3,2,1,77,3,1,77,1,143.07152929
2,1,7,1,1,186.50878955549945,80.75489671399761,1,5,77,77,77,5,77,1,55.806555255
2,2,7,1,1,186.50878955549945,80.75489671399761,1,5,77,77,77,5,77,1,80.389594947
2,1,6,1,2,110.0,52.77579231320791,3,3,1,77,3,4,77,1,108.61604004
2,1,4,1,2,186.50878955549945,80.75489671399761,1,4,77,77,77,5,77,1,174.83785779
1,1,6,1,1,186.50878955549945,80.75489671399761,1,4,77,77,77,5,77,1,68.094076165
2,2,6,1,1,400.0,350.0,2,3,77,1,77,8,3,1,2446.9914985
1,1,7,1,1,100.0,100.0,3,6,1,77,2,5,77,1,167.5928172
1,1,3,1,2,186.50878955549945,80.75489671399761,1,3,77,77,77,5,77,1,549.59231247
2,1,7,1,3,195.9176092810355,91.16164770094599,2,9,77,1,77,7,2,1,181.68687756
2,1,7,1,1,500.0,300.0,2,3,77,1,77,7,3,1,87.829654772
2,2,7,1,1,400.0,50.0,2,7,77,1,77,5,3,1,80.389594947
2,1,7,1,1,350.0,100.0,2,3,77,1,77,8,3,1,57.77454569
1,2,6,1,2,90.0,55.59722008299546,1,2,77,77,77,5,77,1,122.21400107
2,1,7,1,1,300.0,150.0,2,2,77,1,77,7,3,1,52.742529497
2,1,6,1,1,200.0,0.0,2,3,77,1,77,6,3,1,51.796716957
1,1,3,1,2,600.0,500.0,3,5,2,77,2,1,77,1,496.83719384
2,2,7,1,2,150.0,0.0,3,9,2,77,2,1,77,1,95.65147396
1,2,7,1,1,200.0,50.0,1,3,77,77,77,8,77,1,56.538982314
2,2,6,1,1,200.0,30.0,2,3,77,1,77,7,3,1,87.829654772
2,1,5,1,1,186.50878955549945,80.75489671399761,1,5,77,77,77,5,77,1,110.69973187
1,1,6,1,3,100.0,30.0,2,8,77,1,77,5,3,1,111.40449979
1,2,7,1,2,186.50878955549945,80.75489671399761,1,2,77,77,77,5,77,1,74.386360892
1,2,7,1,2,95.0,0.0,3,5,1,77,2,3,77,1,108.61604004
2,1,6,1,1,100.0,0.0,2,3,77,1,77,5,3,1,150.17999935
2,1,6,1,2,150.0,50.0,3,5,1,77,2,4,77,1,108.61604004
1,2,3,1,2,194.0,61.915171241028766,3,7,2,77,2,2,77,1,604.05659887
2,1,7,1,1,75.0,30.0,3,9,1,77,2,6,77,1,52.742529497
2,1,7,1,1,0.0,125.0,1,9,77,77,77,3,77,1,52.742529497
2,1,4,1,2,200.0,200.0,2,2,77,1,77,4,3,1,174.83785779
1,1,7,1,1,250.0,20.0,2,2,77,1,77,8,3,1,150.17999935
2,2,6,1,1,100.0,0.0,3,5,1,77,2,1,77,1,342.45641261
2,1,6,1,1,150.0,60.0,2,2,77,1,77,8,3,1,743.86621672
2,1,7,1,1,200.0,0.0,2,9,77,1,77,7,2,1,40.414232465
2,1,7,1,1,186.50878955549945,80.75489671399761,1,5,77,77,77,5,77,1,54.069355693
2,1,6,1,1,150.0,0.0,2,3,77,1,77,6,3,1,40.414232465
1,1,7,1,3,40.0,5.0,2,3,77,1,77,5,3,1,109.52223174
2,2,7,1,1,600.0,0.0,1,9,77,77,77,3,77,1,80.389594947
2,1,7,1,1,75.0,0.0,3,9,1,77,2,6,77,1,51.796716957
2,1,7,1,1,100.0,0.0,2,9,77,1,77,6,2,1,80.389594947
2,1,6,2,1,120.0,20.0,3,9,1,77,2,5,77,1,364.57961833
1,2,4,1,2,400.0,100.0,3,3,2,77,4,2,77,1,145.67257955
2,2,5,1,2,200.0,0.0,3,8,1,77,2,1,77,1,183.87281211
1,2,7,1,1,100.0,50.0,2,8,77,1,77,7,3,1,56.538982314
2,1,6,1,1,300.0,200.0,2,3,77,1,77,8,3,1,167.5928172
2,1,5,1,2,100.0,0.0,1,3,77,77,77,5,77,1,204.64892199
1,1,7,1,1,300.0,100.0,2,3,77,1,77,8,3,1,51.796716957
2,2,4,1,2,20.0,10.0,3,9,1,77,2,3,77,1,81.006254031
2,1,4,1,2,100.0,10.0,2,2,77,1,77,6,3,1,145.67257955
2,2,7,1,1,100.0,61.8275602785571,1,2,77,77,77,6,77,1,80.389594947
1,1,3,1,2,200.0,400.0,1,3,77,77,77,6,77,1,496.83719384
1,2,6,1,2,40.0,0.0,1,2,77,77,77,3,77,1,107.8796218
2,2,7,1,1,200.0,60.0,2,3,77,1,77,8,3,1,56.538982314
2,1,6,1,1,186.50878955549945,80.75489671399761,1,5,77,77,77,5,77,1,55.806555255
2,1,7,1,1,100.0,0.0,3,5,1,77,2,4,77,1,52.742529497
2,1,7,1,1,200.0,150.0,2,2,77,1,77,8,3,1,150.17999935
2,1,4,1,2,200.0,100.0,3,2,1,77,3,8,77,1,145.67257955
2,1,7,1,1,275.0,75.0,2,2,77,1,77,7,3,1,55.806555255
2,1,7,1,1,60.0,25.0,2,2,77,1,77,7,3,1,93.047593504
2,1,6,1,1,190.0,120.0,2,3,77,1,77,8,3,1,51.796716957
1,2,3,1,2,300.0,200.0,3,6,1,77,2,1,77,1,549.59231247
1,2,4,2,2,0.0,0.0,3,6,2,77,2,1,77,1,164.55688196
2,1,7,1,1,200.0,150.0,1,5,77,77,77,8,77,1,56.538982314
2,2,1,1,2,186.50878955549945,80.75489671399761,1,4,77,77,77,5,77,1,604.05659887
2,1,7,1,1,120.0,25.0,2,2,77,1,77,8,3,1,52.742529497
2,1,7,1,3,175.84838642181197,68.96305812506473,2,3,77,1,77,4,3,1,216.23529587
1,1,6,1,1,186.50878955549945,80.75489671399761,1,4,77,77,77,5,77,1,55.157586462
2,2,7,1,1,160.0,100.0,1,9,77,77,77,6,77,1,52.742529497
1,1,7,1,1,300.0,20.0,2,3,77,1,77,8,3,1,54.069355693
2,1,6,1,2,186.50878955549945,80.75489671399761,1,2,77,77,77,5,77,1,122.21400107
2,1,7,1,1,202.60735023411002,98.56117755957307,1,3,77,77,77,8,77,1,54.069355693
2,1,6,1,1,150.0,150.0,2,9,77,1,77,5,2,1,80.389594947
2,1,7,1,1,170.0,50.0,2,2,77,1,77,6,3,1,612.22579147
2,1,6,1,1,120.0,30.0,3,8,1,77,3,4,77,1,40.414232465
2,1,6,1,1,200.0,150.0,2,8,77,1,77,8,3,1,55.806555255
2,1,7,1,1,200.0,0.0,2,3,77,1,77,7,3,1,54.069355693
1,1,3,1,2,193.0,0.0,1,4,77,77,77,5,77,1,891.08127574
1,2,3,1,2,100.0,0.0,3,5,2,77,2,5,77,1,549.59231247
2,1,7,1,2,186.50878955549945,80.75489671399761,1,5,77,77,77,5,77,1,138.13147418
2,1,6,1,1,350.138050880683,400.0,2,3,77,1,77,8,3,1,93.047593504
2,1,7,1,3,250.0,97.30559759528968,1,5,77,77,77,5,77,1,392.83401812
2,1,6,1,1,250.0,150.0,2,8,77,1,77,6,3,1,57.77454569
2,2,3,1,2,100.0,35.0,2,3,77,2,77,3,4,1,762.46048398
1,2,6,1,1,150.0,100.0,1,2,77,77,77,5,77,1,80.389594947
2,2,3,1,1,50.0,0.0,2,2,77,1,77,1,3,1,568.16930248
2,1,7,1,1,200.0,200.0,2,3,77,1,77,8,3,1,55.806555255
2,1,6,1,4,200.0,200.0,2,9,77,1,77,4,2,1,138.63335259
1,2,4,1,1,186.50878955549945,80.75489671399761,1,2,77,77,77,5,77,1,115.5568061
2,1,7,1,1,202.60735023411002,98.56117755957307,2,9,77,1,77,8,2,1,56.538982314
2,1,7,1,1,80.0,30.0,3,3,1,77,3,5,77,1,55.157586462
2,1,6,1,1,150.0,350.0,3,6,1,77,2,7,77,1,344.44637013
2,1,7,1,3,50.0,20.0,3,9,1,77,2,1,77,1,936.67433763
1,1,7,1,1,500.0,100.0,2,2,77,1,77,8,3,1,87.829654772
2,2,7,1,1,500.0,500.0,1,8,77,77,77,6,77,1,56.538982314
2,1,5,1,2,200.0,60.0,2,3,77,1,77,4,3,1,81.006254031
2,1,6,1,2,90.0,25.0,3,9,1,77,2,4,77,1,138.13147418
1,1,6,1,1,150.0,150.0,3,5,1,77,2,7,77,1,167.5928172
2,1,7,1,3,186.50878955549945,80.75489671399761,1,5,77,77,77,5,77,1,138.63335259
1,1,6,2,2,100.0,50.0,2,2,77,1,77,8,3,1,54.391850865
1,2,6,1,2,100.0,10.0,3,9,2,77,2,4,77,1,95.65147396
2,1,7,1,1,95.0,50.0,2,9,77,1,77,6,2,1,93.047593504
2,1,7,1,1,250.0,230.0,2,9,77,1,77,8,2,1,56.538982314
1,1,6,1,2,186.50878955549945,80.75489671399761,1,4,77,77,77,5,77,1,298.66076603
2,2,7,1,1,186.50878955549945,80.75489671399761,3,9,1,77,2,5,77,1,80.389594947
1,1,7,1,1,300.0,40.0,2,3,77,1,77,8,3,1,40.414232465
2,2,7,1,1,115.0,0.0,1,9,77,77,77,2,77,1,56.538982314
1,2,4,2,1,100.0,40.0,3,9,1,77,2,6,77,1,667.48512618
2,1,7,1,2,300.0,75.0,2,2,77,1,77,3,3,1,107.8796218
2,1,6,1,2,300.0,500.0,1,3,77,77,77,4,77,1,95.65147396
2,1,7,1,1,220.0,150.0,2,3,77,1,77,7,3,1,150.17999935
2,1,7,1,1,100.0,0.0,3,9,1,77,2,7,77,1,55.806555255
2,1,4,1,4,186.50878955549945,80.75489671399761,1,5,77,77,77,5,77,1,234.07046623
2,2,7,1,1,50.0,40.0,3,9,1,77,2,5,77,1,80.389594947
2,1,7,1,1,250.0,120.0,2,3,77,1,77,8,3,1,150.17999935
2,1,7,1,1,150.0,25.0,3,8,1,77,3,2,77,1,68.094076165
2,1,7,1,2,186.50878955549945,80.75489671399761,1,5,77,77,77,5,77,1,133.76810475
2,2,4,1,2,20.0,0.0,3,7,2,77,4,1,77,1,256.78216107
2,2,7,1,2,100.0,0.0,1,8,77,77,77,1,77,1,133.03419262
2,1,7,1,1,160.0,100.0,2,9,77,1,77,8,2,1,56.538982314
2,1,7,1,1,75.0,60.0,3,9,1,77,2,7,77,1,54.069355693
2,1,7,1,1,300.0,100.0,2,2,77,1,77,5,3,1,40.414232465
2,1,7,1,1,48.0,0.0,2,4,77,1,77,4,3,1,52.742529497
2,2,3,1,2,250.0,75.0,3,9,2,77,2,1,77,1,549.59231247
2,2,7,1,1,186.50878955549945,80.75489671399761,1,4,77,77,77,5,77,1,57.77454569
2,2,6,1,1,125.0,225.0,2,8,77,1,77,8,3,1,80.389594947
2,1,5,1,1,300.0,70.0,2,5,77,1,77,7,3,1,57.436265081
2,1,7,1,1,186.50878955549945,80.75489671399761,1,2,77,77,77,5,77,1,56.538982314
2,1,7,1,1,300.0,100.0,2,3,77,1,77,8,3,1,1022.5456796
2,1,7,1,1,250.0,200.0,2,5,77,1,77,6,3,1,54.069355693
2,1,7,1,1,200.0,50.0,2,3,77,1,77,8,3,1,51.796716957
2,2,6,1,1,186.50878955549945,80.75489671399761,1,4,77,77,77,5,77,1,80.389594947
2,1,3,1,1,85.0,0.0,2,9,77,1,77,7,2,1,306.45706268
2,2,6,1,2,195.9176092810355,91.16164770094599,2,2,77,1,77,7,3,1,133.03419262
1,1,3,2,4,225.0,225.0,3,7,1,77,2,1,77,1,453.9405908
2,1,6,1,1,186.50878955549945,80.75489671399761,1,5,77,77,77,5,77,1,167.5928172
2,2,7,1,1,150.0,20.0,2,6,77,1,77,4,3,1,56.538982314
2,2,4,1,2,75.0,0.0,1,2,77,77,77,2,77,1,183.87281211
2,1,6,1,1,120.0,60.0,2,2,77,1,77,5,3,1,52.742529497
2,1,3,1,4,80.0,0.0,2,3,77,1,77,6,3,1,626.02659742
2,1,7,1,1,350.138050880683,400.0,2,2,77,1,77,8,3,1,435.76317268
2,1,7,1,1,30.0,20.0,2,3,77,1,77,8,3,1,87.829654772
1,1,7,1,1,186.50878955549945,80.75489671399761,1,4,77,77,77,5,77,1,55.157586462
2,1,7,1,2,100.0,50.0,3,9,1,77,2,5,77,1,108.61604004
1,2,6,1,1,150.0,150.0,2,7,77,1,77,6,3,1,93.047593504
2,2,4,1,1,186.50878955549945,80.75489671399761,1,4,77,77,77,5,77,1,137.01810073
2,1,7,1,1,150.0,100.0,2,8,77,1,77,7,3,1,54.069355693
1,1,6,1,2,186.50878955549945,80.75489671399761,1,3,77,77,77,5,77,1,74.386360892
2,1,7,1,1,100.0,200.0,3,5,1,77,2,8,77,1,87.829654772
1,1,6,1,1,100.0,30.0,2,5,77,1,77,8,3,1,54.069355693
2,1,7,1,4,500.0,150.0,2,3,77,1,77,8,3,1,138.63335259
2,2,3,1,2,168.05087741903804,72.0,3,3,2,77,2,1,77,1,335.90647223
2,2,4,1,2,100.0,0.0,3,5,1,77,2,1,77,1,81.006254031
1,1,4,1,1,100.0,40.0,3,9,1,77,2,5,77,1,115.89084824
1,1,7,1,2,300.0,100.0,2,2,77,2,77,8,4,1,122.21400107
1,1,6,1,2,200.0,20.0,1,4,77,77,77,5,77,1,122.21400107
2,2,6,1,1,300.0,0.0,1,2,77,77,77,5,77,1,40.414232465
2,1,7,1,1,150.0,50.0,3,3,1,77,3,5,77,1,51.796716957
1,1,7,1,3,200.0,30.0,2,9,77,1,77,5,3,1,109.52223174
1,1,7,1,1,200.0,150.0,3,5,1,77,2,4,77,1,51.796716957
2,1,7,1,1,100.0,40.0,1,2,77,77,77,4,77,1,51.796716957
1,1,7,1,1,150.0,50.0,3,9,1,77,2,6,77,1,52.742529497
2,1,6,1,1,186.50878955549945,80.75489671399761,1,4,77,77,77,5,77,1,150.17999935
1,2,4,1,2,186.50878955549945,80.75489671399761,1,2,77,77,77,5,77,1,183.87281211
1,1,7,1,4,144.0,0.0,2,3,77,1,77,6,3,1,138.63335259
2,1,7,1,1,225.0,0.0,2,9,77,1,77,7,2,1,51.796716957
2,1,6,1,1,150.0,75.0,1,9,77,77,77,8,77,1,51.796716957
2,1,5,1,2,80.0,25.0,3,4,1,77,3,4,77,1,81.006254031
2,1,6,1,1,186.50878955549945,80.75489671399761,1,4,77,77,77,5,77,1,87.829654772
2,2,7,1,1,75.0,100.0,2,3,77,1,77,8,3,1,80.389594947
2,1,5,1,2,0.0,0.0,1,3,77,77,77,4,77,1,256.78216107
2,1,7,1,1,300.0,70.0,2,2,77,1,77,6,3,1,40.414232465
1,1,3,1,2,500.0,500.0,1,3,77,77,77,7,77,1,549.59231247
2,1,7,1,1,0.0,20.0,1,5,77,77,77,6,77,1,93.047593504
2,1,6,1,1,75.0,25.0,1,5,77,77,77,5,77,1,55.806555255
1,1,7,1,4,200.0,100.0,3,9,1,77,2,6,77,1,623.54800947
2,2,2,1,2,80.0,15.0,3,3,1,77,3,1,77,1,616.04287811
1,2,2,1,2,300.0,0.0,3,8,1,77,2,2,77,1,891.08127574
1,2,7,2,2,186.50878955549945,80.75489671399761,1,2,77,77,77,5,77,1,78.319906896
2,1,3,1,1,150.0,0.0,3,9,1,77,2,6,77,1,568.16930248
2,1,7,1,1,250.0,70.0,2,3,77,1,77,8,3,1,93.047593504
2,1,7,2,4,186.50878955549945,80.75489671399761,1,5,77,77,77,5,77,1,65.136620433
1,2,4,1,3,100.0,20.0,3,8,2,77,2,2,77,1,150.97080221
1,2,4,2,2,200.0,200.0,3,6,2,77,3,2,77,1,119.25440459
1,2,4,1,2,0.0,0.0,4,5,77,77,77,3,77,1,81.006254031
1,1,7,1,1,500.0,250.0,2,2,77,1,77,8,3,1,40.414232465
1,1,7,1,2,300.0,45.0,2,3,77,1,77,6,3,1,108.61604004
1,2,7,1,1,250.0,60.0,3,9,1,77,2,6,77,1,1748.9569576
2,1,7,1,1,150.0,0.0,3,9,1,77,2,1,77,1,374.51521627
2,1,6,1,1,60.0,50.0,3,8,1,77,3,4,77,1,131.37454267
1,1,6,2,1,50.0,20.0,3,7,1,77,2,1,77,1,324.44200618
2,1,7,1,1,100.0,0.0,2,2,77,1,77,8,3,1,52.742529497
2,2,6,1,1,85.0,0.0,1,3,77,77,77,5,77,1,80.389594947
2,2,4,1,2,150.0,25.0,3,6,1,77,2,4,77,1,204.64892199
1,2,4,1,2,192.0,8.0,3,6,1,77,1,1,77,1,145.67257955
1,1,6,1,1,400.0,80.0,2,3,77,1,77,8,3,1,87.829654772
2,2,7,1,1,200.0,30.0,1,2,77,77,77,8,77,1,80.389594947
1,1,6,1,2,250.0,100.0,2,3,77,1,77,7,3,1,108.61604004
2,1,4,1,2,186.50878955549945,80.75489671399761,1,5,77,77,77,5,77,1,81.006254031
1,1,7,1,2,400.0,200.0,2,3,77,46,77,6,77,1,95.65147396
2,1,7,1,1,200.0,25.0,2,6,77,1,77,7,3,1,54.069355693
2,2,7,1,1,100.0,0.0,1,5,77,77,77,1,77,1,52.742529497
2,1,7,2,1,150.0,40.0,2,3,77,1,77,7,3,1,78.319906896
2,1,7,1,1,70.0,0.0,2,3,77,1,77,6,3,1,52.742529497
2,2,4,1,2,145.16426054805726,0.0,2,2,77,1,77,5,3,1,183.87281211
1,1,7,1,1,200.0,60.0,1,3,77,77,77,8,77,1,56.538982314
2,1,3,1,1,186.50878955549945,80.75489671399761,1,2,77,77,77,5,77,1,260.89250226
2,2,6,1,1,75.0,230.0,2,9,77,1,77,7,3,1,56.538982314
1,2,6,1,1,440.0,0.0,1,4,77,77,77,5,77,1,52.742529497
2,1,7,1,1,200.0,150.0,2,2,77,1,77,8,3,1,55.157586462
1,1,6,1,2,75.0,0.0,1,3,77,77,77,5,77,1,133.76810475
1,1,7,1,1,250.0,70.0,2,3,77,1,77,8,3,1,54.069355693
2,1,7,1,1,60.0,20.0,3,7,1,77,2,5,77,1,167.5928172
2,1,7,1,2,200.0,50.0,2,2,77,1,77,6,3,1,95.65147396
1,1,6,1,2,186.50878955549945,80.75489671399761,1,4,77,77,77,5,77,1,133.76810475
1,1,4,1,1,186.50878955549945,80.75489671399761,1,4,77,77,77,5,77,1,170.35479102
2,1,7,1,1,65.0,75.0,3,9,1,77,2,4,77,1,38.315729854
1,2,6,1,2,50.0,10.0,3,9,1,77,2,4,77,1,3259.0008729
2,2,7,1,1,60.0,30.0,1,3,77,77,77,8,77,1,344.20609157
2,2,7,1,1,70.0,30.0,1,3,77,77,77,7,77,1,56.538982314
1,1,4,1,1,40.0,10.0,3,2,1,77,3,7,77,1,88.60840646
2,1,6,1,1,150.0,0.0,2,8,77,1,77,7,3,1,52.742529497
2,1,7,1,1,300.0,300.0,3,9,1,77,2,6,77,1,93.047593504
2,1,7,1,3,200.0,75.0,2,9,77,1,77,7,2,1,151.716277
2,1,7,1,1,140.0,100.0,2,3,77,1,77,8,3,1,150.17999935
2,1,4,1,2,170.0,50.0,1,3,77,77,77,5,77,1,209.71633423
2,1,7,1,1,0.0,400.0,1,5,77,77,77,6,77,1,80.389594947
2,1,7,1,1,100.0,0.0,2,3,77,1,77,8,3,1,51.796716957
2,2,6,1,1,350.0,0.0,3,9,1,77,2,6,77,1,57.77454569
2,2,7,1,1,80.0,0.0,3,9,1,77,2,5,77,1,56.538982314
1,1,6,1,1,100.0,60.0,3,9,1,77,2,8,77,1,93.047593504
2,1,7,1,1,300.0,100.0,2,9,77,1,77,8,2,1,93.047593504
1,1,6,1,2,900.0,300.0,2,2,77,1,77,6,3,1,133.76810475
2,1,7,1,1,150.0,200.0,2,8,77,1,77,6,3,1,40.414232465
2,2,4,1,2,58.0,12.0,3,6,1,77,2,1,77,1,204.64892199
2,2,7,1,1,200.0,0.0,1,2,77,77,77,6,77,1,80.389594947
2,1,7,1,1,120.0,200.0,2,2,77,1,77,8,3,1,150.17999935
1,1,3,2,4,300.0,300.0,3,2,1,77,3,2,77,1,453.9405908
2,1,7,1,1,200.0,150.0,3,5,1,77,2,6,77,1,1582.777125
2,1,7,2,1,200.0,35.0,3,8,1,77,3,6,77,1,751.18473471
1,2,6,1,1,200.0,50.0,2,3,77,1,77,7,3,1,57.77454569
2,1,7,1,1,120.0,50.0,2,3,77,1,77,4,3,1,52.742529497
2,1,7,1,1,150.0,0.0,2,9,77,1,77,7,2,1,57.77454569
1,1,4,1,2,220.0,0.0,3,5,1,77,2,1,77,1,256.78216107
2,1,4,1,2,186.50878955549945,80.75489671399761,1,2,77,77,77,5,77,1,256.78216107
2,1,6,1,1,125.0,30.0,3,9,1,77,2,7,77,1,55.806555255
2,1,6,1,1,186.50878955549945,80.75489671399761,1,5,77,77,77,5,77,1,87.829654772
1,2,4,2,1,186.50878955549945,80.75489671399761,1,2,77,77,77,5,77,1,119.25440459
2,1,7,1,2,186.50878955549945,80.75489671399761,1,5,77,77,77,5,77,1,107.8796218
2,2,7,1,1,300.0,0.0,1,2,77,77,77,8,77,1,80.389594947
1,2,4,1,3,200.0,100.0,2,3,77,1,77,6,3,1,518.90574753
2,1,6,1,1,100.0,200.0,2,3,77,1,77,8,3,1,1330.0659025
2,1,7,1,1,300.0,125.0,3,3,1,77,3,8,77,1,51.796716957
1,1,6,1,4,275.0,300.0,3,2,1,77,3,4,77,1,109.52223174
1,2,7,1,2,150.0,100.0,2,5,77,1,77,6,3,1,95.65147396
1,2,3,1,2,249.0,200.0,1,2,77,77,77,6,77,1,496.83719384
2,2,6,1,1,100.0,200.0,2,3,77,1,77,8,3,1,51.796716957
2,1,7,1,1,150.0,0.0,2,9,77,1,77,8,2,1,87.829654772
1,1,6,1,1,186.50878955549945,80.75489671399761,2,2,77,1,77,5,3,1,56.538982314
2,1,7,1,1,186.50878955549945,80.75489671399761,1,3,77,77,77,5,77,1,150.17999935
2,1,4,1,2,186.50878955549945,80.75489671399761,1,5,77,77,77,5,77,1,81.006254031
2,1,7,1,1,175.0,75.0,2,3,77,1,77,7,3,1,87.829654772
2,1,7,1,1,200.0,50.0,1,8,77,77,77,6,77,1,52.742529497
2,2,7,1,1,200.0,35.0,2,7,77,1,77,6,3,1,56.538982314
2,2,7,1,2,80.0,35.0,4,2,77,77,77,4,77,1,74.386360892
1,2,7,1,1,120.0,50.0,3,9,2,77,3,3,77,1,56.538982314
1,1,7,1,1,80.0,10.0,2,3,77,1,77,6,3,1,55.806555255
1,1,7,1,3,100.0,140.0,2,5,77,1,77,7,3,1,181.68687756
2,2,7,1,1,100.0,55.0,1,9,77,77,77,4,77,1,80.389594947
1,2,5,1,4,100.0,20.0,3,9,1,77,2,1,77,1,234.07046623
2,1,6,1,2,175.0,120.0,2,3,77,2,77,7,4,1,133.76810475
2,2,6,1,1,300.0,100.0,1,3,77,77,77,7,77,1,55.157586462
1,1,4,1,2,100.0,100.0,2,3,77,2,77,4,2,1,174.83785779
2,1,7,1,1,100.0,20.0,3,9,1,77,2,6,77,1,93.047593504
2,1,7,1,2,70.0,30.0,3,4,1,77,3,8,77,1,122.21400107
2,2,7,1,1,300.0,0.0,1,4,77,77,77,5,77,1,80.389594947
2,2,7,1,1,15.0,15.0,1,3,77,77,77,8,77,1,80.389594947
2,1,7,2,1,74.0,33.0,2,4,77,1,77,6,3,1,79.416093158
1,2,5,1,2,186.50878955549945,80.75489671399761,1,2,77,77,77,5,77,1,256.78216107
2,2,6,1,1,150.0,175.0,2,3,77,1,77,8,3,1,316.45732394
1,1,6,1,1,100.0,20.0,2,7,77,1,77,5,3,1,51.796716957
2,1,6,2,1,80.0,100.0,3,9,2,77,4,5,77,1,78.319906896
2,1,4,1,2,100.0,50.0,1,5,77,77,77,5,77,1,232.13375704
1,2,4,1,2,186.50878955549945,80.75489671399761,1,2,77,77,77,5,77,1,252.89593777
1,1,4,1,2,186.50878955549945,80.75489671399761,1,3,77,77,77,5,77,1,145.67257955
1,2,4,1,4,150.0,50.0,3,9,1,77,2,6,77,1,332.6386948
2,1,7,1,1,150.0,10.0,2,8,77,1,77,6,3,1,150.17999935
2,1,6,1,1,100.0,100.0,3,7,1,77,2,4,77,1,55.157586462
2,1,5,1,2,100.0,40.0,1,4,77,77,77,5,77,1,145.67257955
2,2,6,1,1,125.0,125.0,2,3,77,1,77,8,3,1,56.538982314
1,2,7,1,1,150.0,120.0,2,3,77,1,77,8,3,1,93.047593504
2,2,7,1,1,200.0,100.0,1,9,77,77,77,7,77,1,56.538982314
2,2,7,1,1,85.0,50.0,1,3,77,77,77,2,77,1,1507.6880808
2,1,6,1,1,200.0,120.0,3,4,1,77,3,2,77,1,367.63137764
1,1,7,1,1,186.50878955549945,80.75489671399761,1,4,77,77,77,5,77,1,56.538982314
2,2,7,1,1,150.0,100.0,1,3,77,77,77,6,77,1,56.538982314
1,2,7,1,2,200.0,0.0,2,3,77,1,77,3,3,1,133.03419262
2,2,3,1,2,55.0,0.0,3,6,1,77,2,1,77,1,721.08245031
2,2,6,1,1,186.50878955549945,80.75489671399761,1,4,77,77,77,5,77,1,80.389594947
2,1,6,2,1,186.50878955549945,80.75489671399761,1,5,77,77,77,5,77,1,78.319906896
1,1,7,2,1,150.0,60.0,1,3,77,77,77,8,77,1,64.227511174
2,1,6,1,1,200.0,500.0,2,3,77,1,77,8,3,1,150.17999935
2,1,7,1,1,500.0,200.0,2,2,77,1,77,6,3,1,87.829654772
2,1,6,1,1,100.0,100.0,3,8,1,77,3,6,77,1,68.094076165
2,2,6,1,1,200.0,75.0,3,9,1,77,2,4,77,1,548.47588005
2,1,4,1,2,160.0,20.0,3,3,1,77,3,4,77,1,145.67257955
2,1,7,1,1,150.0,0.0,2,3,77,1,77,7,3,1,51.796716957
1,2,1,2,3,186.50878955549945,80.75489671399761,1,2,77,77,77,5,77,1,420.19404469
2,2,7,1,4,186.50878955549945,80.75489671399761,1,4,77,77,77,5,77,1,88.575754397
2,1,6,1,1,50.0,50.0,2,2,77,1,77,4,3,1,80.389594947
1,2,6,1,1,186.50878955549945,80.75489671399761,1,4,77,77,77,5,77,1,54.069355693
2,2,7,1,2,75.0,60.0,3,6,1,77,2,1,77,1,79.743425153
1,2,3,1,2,0.0,0.0,3,3,1,77,3,1,77,1,604.05659887
1,1,7,1,1,250.0,45.0,2,3,77,1,77,5,3,1,57.77454569
2,1,6,1,1,300.0,80.0,3,3,1,77,3,3,77,1,68.094076165
2,2,6,1,1,186.50878955549945,80.75489671399761,1,4,77,77,77,5,77,1,52.742529497
2,2,7,2,1,350.0,25.0,3,9,1,77,2,3,77,1,2153.4868181
1,1,3,1,1,600.0,0.0,2,2,77,1,77,8,3,1,634.43110783
2,1,4,1,2,100.0,100.0,3,9,1,77,2,4,77,1,1415.4972097
1,2,3,1,2,186.50878955549945,80.75489671399761,1,2,77,77,77,5,77,1,496.83719384
2,1,6,1,2,100.0,40.0,2,3,77,1,77,4,3,1,133.76810475
2,2,7,1,1,275.0,125.0,3,9,1,77,2,8,77,1,80.389594947
1,1,6,1,2,100.0,80.0,2,7,77,1,77,6,3,1,108.61604004
2,1,4,1,1,100.0,50.0,2,9,77,1,77,7,2,1,88.60840646
2,2,6,1,2,50.0,30.0,1,2,77,77,77,7,77,1,79.743425153
2,2,6,1,1,175.0,50.0,1,2,77,77,77,8,77,1,80.389594947
1,1,6,1,1,250.0,100.0,3,8,1,77,2,8,77,1,54.069355693
1,2,4,1,2,172.0,46.0,3,7,2,77,3,2,77,1,204.64892199
1,1,6,1,3,300.0,50.0,3,8,1,77,2,4,77,1,138.63335259
2,1,7,1,3,200.0,150.0,1,3,77,77,77,8,77,1,151.716277
2,1,7,1,1,300.0,75.0,2,2,77,1,77,8,3,1,52.742529497
2,1,7,1,1,100.0,100.0,3,9,1,77,2,7,77,1,167.5928172
2,2,7,1,1,100.0,0.0,2,9,77,1,77,6,3,1,56.538982314
1,1,7,1,2,186.50878955549945,80.75489671399761,1,4,77,77,77,5,77,1,133.76810475
1,1,6,1,1,0.0,100.0,3,9,1,77,2,4,77,1,3169.4720413
2,2,4,2,2,300.0,400.0,1,2,77,77,77,2,77,1,109.47102796
2,1,7,1,1,150.0,30.0,2,9,77,1,77,8,2,1,150.17999935
2,1,7,1,1,100.0,0.0,2,2,77,1,77,8,3,1,55.806555255
2,1,4,1,2,186.50878955549945,80.75489671399761,1,5,77,77,77,5,77,1,209.71633423
1,1,6,1,1,186.50878955549945,80.75489671399761,1,3,77,77,77,5,77,1,40.414232465
2,1,6,1,1,400.0,50.0,2,3,77,1,77,5,3,1,54.069355693
2,2,7,1,2,400.0,150.0,2,2,77,1,77,6,3,1,133.03419262
1,1,6,1,1,100.0,0.0,2,9,77,1,77,6,3,1,52.742529497
2,1,7,1,3,100.0,20.0,3,7,1,77,2,4,77,1,392.83401812
1,2,7,1,2,300.0,100.0,1,2,77,77,77,5,77,1,107.8796218
1,1,4,1,4,189.0,40.0,3,7,2,77,2,3,77,1,234.07046623
1,1,7,1,1,300.0,0.0,2,2,77,1,77,7,3,1,52.742529497
1,1,7,1,1,202.60735023411002,98.56117755957307,2,3,77,1,77,8,3,1,1456.1555499
2,1,6,1,3,114.0,24.0,3,2,2,77,4,4,77,1,151.716277
2,1,4,1,2,138.99304231506525,0.0,3,8,1,77,3,3,77,1,81.006254031
2,1,7,1,2,300.0,200.0,2,2,77,1,77,8,3,1,79.743425153
2,1,6,1,1,200.0,50.0,2,3,77,1,77,7,3,1,55.157586462
1,2,7,1,1,150.0,0.0,2,2,77,1,77,6,3,1,80.389594947
1,2,4,2,1,186.50878955549945,80.75489671399761,1,2,77,77,77,5,77,1,164.55688196
2,1,7,1,1,100.0,100.0,3,3,1,77,3,7,77,1,55.157586462
2,1,5,1,2,100.0,30.0,2,3,77,1,77,5,3,1,204.64892199
1,2,6,1,1,150.0,30.0,2,8,77,1,77,4,3,1,57.77454569
2,2,7,1,1,100.0,0.0,1,9,77,77,77,5,77,1,80.389594947
2,1,6,1,1,100.0,50.0,2,3,77,1,77,8,3,1,55.806555255
2,1,6,1,2,200.0,50.0,3,6,1,77,2,3,77,1,79.743425153
2,2,7,1,1,175.0,75.0,1,2,77,77,77,5,77,1,80.389594947
2,1,7,1,1,110.0,12.0,3,9,1,77,2,7,77,1,54.069355693
2,2,7,1,1,200.0,60.0,2,2,77,1,77,8,3,1,114.75302445
1,1,6,1,1,100.0,60.0,3,6,1,77,2,4,77,1,1287.7775682
2,1,6,1,1,200.0,100.0,3,7,1,77,2,7,77,1,600.14689197
2,1,7,1,1,186.50878955549945,80.75489671399761,1,4,77,77,77,5,77,1,56.538982314
2,1,7,1,3,250.0,100.0,2,8,77,1,77,8,3,1,181.68687756
2,2,6,1,1,150.0,75.0,2,2,77,1,77,8,3,1,52.742529497
2,2,7,1,1,200.0,30.0,1,2,77,77,77,6,77,1,80.389594947
2,1,6,1,1,200.0,0.0,2,9,77,1,77,6,2,1,57.77454569
2,1,7,1,1,150.0,150.0,2,3,77,1,77,8,3,1,52.742529497
2,1,6,1,1,400.0,120.0,2,3,77,1,77,8,3,1,51.796716957
2,1,6,1,1,120.0,10.0,1,9,77,77,77,6,77,1,52.742529497
2,1,7,1,2,70.0,50.38367289395869,1,4,77,77,77,5,77,1,122.21400107
2,1,6,1,2,700.0,200.0,1,5,77,77,77,6,77,1,95.65147396
2,1,7,1,2,240.0,60.0,3,9,1,77,2,8,77,1,108.61604004
2,1,7,1,1,186.50878955549945,80.75489671399761,2,3,77,1,77,5,3,1,54.069355693
1,2,4,2,1,300.0,400.0,2,3,77,1,77,5,3,1,119.25440459
2,1,6,1,2,200.0,150.0,1,3,77,77,77,6,77,1,108.61604004
1,1,7,1,1,154.42108789754525,0.0,1,2,77,77,77,8,77,1,52.742529497
2,2,7,1,1,300.0,150.0,2,3,77,1,77,6,3,1,54.069355693
2,2,4,1,3,600.0,100.0,3,3,2,77,4,1,77,1,234.07046623
2,1,7,1,2,250.0,250.0,2,3,77,1,77,8,3,1,904.75273001
2,2,7,1,1,400.0,40.0,1,9,77,77,77,7,77,1,56.538982314
1,1,6,1,1,200.0,0.0,3,8,1,77,2,1,77,1,55.806555255
2,1,7,1,1,0.0,120.0,2,8,77,1,77,8,3,1,55.806555255
2,2,6,1,2,186.50878955549945,80.75489671399761,1,4,77,77,77,5,77,1,133.03419262
2,1,7,2,2,250.0,80.0,3,9,1,77,2,2,77,1,100.52497169
2,1,6,1,1,0.0,150.0,2,4,77,1,77,8,3,1,93.047593504
2,2,2,2,2,650.0,250.0,3,9,1,77,2,1,77,1,420.19404469
2,2,7,1,4,40.0,0.0,1,9,77,77,77,3,77,1,216.23529587
1,1,6,1,1,186.50878955549945,80.75489671399761,1,4,77,77,77,5,77,1,51.796716957
2,1,7,1,1,300.0,122.50285321101047,3,9,1,77,2,8,77,1,55.157586462
2,2,4,1,2,100.0,100.0,3,7,1,77,2,5,77,1,81.006254031
2,1,6,1,1,70.0,0.0,3,8,1,77,3,3,77,1,51.796716957
2,1,7,1,2,200.0,250.0,2,3,77,2,77,8,4,1,138.13147418
2,2,6,1,1,150.0,20.0,1,3,77,77,77,8,77,1,80.389594947
2,1,7,1,1,350.0,250.0,2,8,77,1,77,8,3,1,1862.4393644
2,1,7,1,1,95.0,90.0,2,8,77,1,77,7,3,1,40.414232465
1,1,7,1,2,150.0,100.0,1,2,77,77,77,8,77,1,107.8796218
2,1,6,1,1,900.0,200.0,3,3,1,77,3,6,77,1,55.157586462
2,2,7,1,1,300.0,100.0,2,2,77,2,77,7,4,1,56.538982314
1,1,6,2,1,186.50878955549945,80.75489671399761,1,4,77,77,77,5,77,1,65.136620433
2,1,4,1,1,150.0,35.0,2,3,77,1,77,6,3,1,88.60840646
1,1,7,1,2,100.0,300.0,3,9,1,77,2,6,77,1,108.61604004
2,2,7,1,1,100.0,0.0,4,9,77,77,77,5,77,1,56.538982314
1,2,4,1,2,75.0,0.0,3,9,2,77,2,3,77,1,183.87281211
2,1,7,1,1,186.50878955549945,80.75489671399761,1,5,77,77,77,5,77,1,55.157586462
2,2,5,1,1,186.50878955549945,80.75489671399761,1,3,77,77,77,5,77,1,143.07152929
2,2,4,1,2,192.0,0.0,3,8,1,77,2,5,77,1,232.13375704
1,1,7,1,1,150.0,100.0,1,4,77,77,77,7,77,1,479.85870476
2,1,7,1,1,180.0,100.0,2,2,77,1,77,8,3,1,52.742529497
2,2,6,1,1,186.50878955549945,80.75489671399761,1,4,77,77,77,5,77,1,54.069355693
1,2,5,1,2,100.0,0.0,1,3,77,77,77,1,77,1,232.13375704
1,1,6,1,1,50.0,0.0,3,5,1,77,2,6,77,1,55.157586462
2,1,7,1,1,300.0,100.0,2,2,77,1,77,7,3,1,87.829654772
2,2,1,1,2,450.0,100.0,2,5,77,1,77,1,3,1,335.90647223
2,1,7,2,1,500.0,50.0,3,9,2,77,4,6,77,1,100.52497169
1,1,6,1,1,186.50878955549945,80.75489671399761,1,4,77,77,77,5,77,1,40.414232465
1,1,7,1,1,186.50878955549945,80.75489671399761,1,4,77,77,77,5,77,1,54.069355693
1,2,7,1,1,150.0,200.0,1,2,77,77,77,7,77,1,52.742529497
1,2,7,2,2,206.2595914763753,120.0,1,4,77,77,77,5,77,1,77.522584905
2,1,7,1,1,400.0,300.0,2,3,77,1,77,8,3,1,54.069355693
2,1,7,1,1,450.0,0.0,2,3,77,1,77,8,3,1,696.90797377
2,1,7,1,1,100.0,0.0,2,6,77,1,77,7,3,1,277.57128232
2,1,7,1,1,200.0,200.0,2,4,77,1,77,8,3,1,326.02611495
2,1,6,1,1,300.0,150.0,2,3,77,1,77,8,3,1,52.742529497
2,1,7,1,1,100.0,20.0,3,9,1,77,2,4,77,1,51.796716957
2,1,6,1,1,200.0,0.0,1,2,77,77,77,8,77,1,52.742529497
2,1,6,2,4,150.0,0.0,3,9,1,77,2,6,77,1,76.996629478
2,1,7,1,1,300.0,10.0,2,2,77,1,77,5,3,1,150.17999935
2,1,7,1,1,186.50878955549945,80.75489671399761,1,5,77,77,77,5,77,1,40.414232465
2,1,7,1,1,200.0,100.0,2,2,77,1,77,7,3,1,57.77454569
1,2,6,1,2,100.0,50.0,3,3,1,77,3,6,77,1,74.386360892
1,2,5,2,1,186.50878955549945,80.75489671399761,1,2,77,77,77,5,77,1,119.25440459
1,1,6,1,2,238.0,47.0,1,3,77,77,77,6,77,1,79.743425153
2,1,7,2,1,400.0,20.0,1,2,77,77,77,8,77,1,65.136620433
1,1,5,2,1,186.50878955549945,80.75489671399761,1,3,77,77,77,5,77,1,119.25440459
2,1,7,1,1,300.0,150.0,2,3,77,1,77,8,3,1,40.414232465
1,2,3,1,2,200.0,200.0,1,3,77,77,77,1,77,1,891.08127574
2,1,7,1,1,200.0,300.0,3,3,1,77,3,8,77,1,55.157586462
1,1,7,1,2,150.0,150.0,2,3,77,1,77,7,3,1,95.65147396
2,1,6,1,1,500.0,25.0,2,2,77,1,77,8,3,1,93.047593504
2,1,6,1,1,186.50878955549945,80.75489671399761,1,5,77,77,77,5,77,1,68.094076165
1,2,4,1,1,300.0,150.0,2,2,77,2,77,8,2,1,88.60840646
2,1,7,1,1,60.0,50.0,3,4,1,77,3,3,77,1,1460.1724933
1,1,7,2,2,186.50878955549945,80.75489671399761,1,3,77,77,77,5,77,1,64.227511174
1,1,3,2,4,186.50878955549945,80.75489671399761,1,3,77,77,77,5,77,1,420.19404469
1,2,4,1,2,200.0,0.0,2,3,77,1,77,1,3,1,183.87281211
2,1,7,1,1,100.0,0.0,2,7,77,1,77,8,3,1,57.77454569
2,2,7,1,1,200.0,20.0,1,2,77,77,77,6,77,1,56.538982314
2,2,7,1,1,75.0,35.0,2,9,77,1,77,8,3,1,40.414232465
2,1,7,1,1,200.0,56.0,2,5,77,1,77,8,3,1,55.806555255
2,1,6,1,1,250.0,200.0,3,6,1,77,2,8,77,1,167.5928172
2,1,3,1,2,150.0,100.0,3,9,1,77,2,2,77,1,335.90647223
2,2,2,1,2,0.0,45.0,1,3,77,77,77,1,77,1,721.08245031
1,2,7,1,1,200.0,75.0,1,2,77,77,77,6,77,1,80.389594947
1,1,7,1,1,300.0,100.0,1,4,77,77,77,5,77,1,93.047593504
1,2,4,2,1,300.0,150.0,3,7,1,77,2,1,77,1,411.76470694
2,1,7,1,1,100.0,0.0,3,3,1,77,3,8,77,1,843.55537721
1,1,5,1,1,250.0,200.0,3,9,1,77,2,6,77,1,953.50179789
2,1,4,1,1,200.0,100.0,1,3,77,77,77,4,77,1,86.974946465
2,1,7,1,1,300.0,250.0,2,3,77,1,77,8,3,1,55.806555255
1,2,4,1,2,194.0,0.0,3,9,2,77,2,1,77,1,256.78216107
2,2,7,1,1,100.0,50.0,1,4,77,77,77,5,77,1,56.538982314
2,1,6,1,1,220.0,180.0,3,3,1,77,3,4,77,1,93.047593504
2,1,6,1,1,100.0,0.0,2,9,77,1,77,8,2,1,40.414232465
2,1,7,1,1,125.0,125.0,3,7,1,77,2,5,77,1,87.829654772
1,2,4,1,2,100.0,100.0,3,6,2,77,2,4,77,1,145.67257955
2,1,7,1,2,75.0,20.0,3,9,1,77,2,2,77,1,133.76810475
2,1,7,1,2,200.0,75.0,3,3,1,77,3,6,77,1,114.54682373
2,1,7,1,2,150.0,0.0,3,8,1,77,3,6,77,1,107.8796218
1,2,4,1,2,186.50878955549945,80.75489671399761,1,2,77,77,77,5,77,1,81.006254031
1,1,2,1,2,509.0,133.59544316217466,3,5,1,77,2,1,77,1,335.90647223
2,1,6,1,1,200.0,0.0,3,8,1,77,3,7,77,1,56.538982314
1,2,4,1,2,250.0,140.0,2,8,77,1,77,4,3,1,204.64892199
2,1,6,1,1,186.50878955549945,80.75489671399761,1,5,77,77,77,5,77,1,87.829654772
2,1,4,1,2,0.0,0.0,2,6,77,1,77,3,3,1,145.67257955
2,1,7,1,1,200.0,30.0,2,2,77,1,77,5,3,1,51.796716957
1,1,6,1,1,186.50878955549945,80.75489671399761,1,4,77,77,77,5,77,1,87.829654772
2,1,7,1,2,65.0,0.0,3,7,1,77,2,5,77,1,133.76810475
2,2,7,1,1,52.0,0.0,3,8,1,77,2,5,77,1,80.389594947
2,1,7,1,1,200.0,0.0,3,9,1,77,2,6,77,1,87.829654772
1,1,4,2,1,186.50878955549945,80.75489671399761,1,4,77,77,77,5,77,1,119.25440459
2,1,7,1,1,170.0,115.0,2,3,77,1,77,8,3,1,40.414232465
2,1,5,1,1,700.0,100.0,2,3,77,1,77,8,3,1,329.2703984
2,2,5,1,2,400.0,400.0,1,2,77,77,77,4,77,1,145.67257955
2,1,7,1,1,170.0,120.0,2,2,77,1,77,7,3,1,54.069355693
1,2,3,1,2,186.50878955549945,80.75489671399761,1,2,77,77,77,5,77,1,549.59231247
1,2,7,1,2,186.50878955549945,80.75489671399761,1,4,77,77,77,5,77,1,79.743425153
2,1,7,1,1,300.0,50.0,2,2,77,1,77,8,3,1,87.829654772
2,1,6,1,1,186.50878955549945,80.75489671399761,1,5,77,77,77,5,77,1,52.742529497
2,1,6,1,1,186.50878955549945,80.75489671399761,1,5,77,77,77,5,77,1,55.157586462
2,1,7,1,1,100.0,35.0,2,9,77,1,77,7,2,1,40.414232465
2,1,7,1,2,100.0,23.0,4,2,77,77,77,4,77,1,107.8796218
2,1,5,1,1,186.50878955549945,80.75489671399761,1,5,77,77,77,5,77,1,88.60840646
2,1,6,1,1,250.0,100.0,2,5,77,1,77,8,3,1,54.069355693
2,2,7,1,1,65.0,100.0,3,9,1,77,2,4,77,1,52.742529497
1,2,4,2,1,250.0,150.0,3,6,2,77,1,5,77,1,667.48512618
2,1,7,1,1,100.0,10.0,3,9,1,77,2,4,77,1,552.16544362
1,2,6,1,1,100.0,150.0,3,3,1,77,3,7,77,1,938.04260833
2,2,6,1,1,80.0,10.0,1,9,77,77,77,4,77,1,80.389594947
2,2,4,1,2,80.0,80.0,2,3,77,1,77,2,3,1,81.006254031
1,2,3,1,2,0.0,0.0,3,7,2,77,2,4,77,1,549.59231247
2,1,7,1,1,100.0,100.0,2,2,77,1,77,8,3,1,54.069355693
2,2,7,1,1,186.50878955549945,80.75489671399761,1,4,77,77,77,5,77,1,80.389594947
2,1,7,1,2,150.0,100.0,1,3,77,77,77,5,77,1,79.743425153
1,1,5,1,1,186.50878955549945,80.75489671399761,1,4,77,77,77,5,77,1,141.91198674
2,1,7,1,1,200.0,50.0,3,9,1,77,2,8,77,1,54.069355693
1,2,4,1,2,186.50878955549945,80.75489671399761,1,2,77,77,77,5,77,1,81.006254031
2,1,7,1,3,150.0,70.0,3,3,1,77,3,3,77,1,151.716277
2,1,7,1,4,200.0,100.0,2,9,77,1,77,8,2,1,151.716277
2,1,7,1,2,170.0,50.0,2,2,77,1,77,5,3,1,79.743425153
2,1,7,1,4,375.0,0.0,2,2,77,1,77,8,3,1,88.575754397
2,1,7,1,1,175.0,60.0,3,9,1,77,2,6,77,1,167.5928172
2,1,6,1,1,110.0,60.0,2,9,77,1,77,6,2,1,150.17999935
2,2,5,1,2,600.0,0.0,3,3,2,77,4,1,77,1,232.13375704
1,2,6,1,1,200.0,250.0,1,3,77,77,77,3,77,1,68.094076165
1,1,3,1,2,100.0,100.0,1,3,77,77,77,2,77,1,335.90647223
2,1,7,1,1,300.0,200.0,2,2,77,1,77,7,3,1,55.157586462
2,1,7,1,2,60.0,0.0,2,8,77,1,77,5,3,1,108.61604004
1,1,4,1,2,186.50878955549945,80.75489671399761,1,3,77,77,77,5,77,1,252.89593777
2,1,3,1,2,200.0,100.0,1,3,77,77,77,4,77,1,738.93752621
1,1,7,2,1,800.0,20.0,2,3,77,1,77,8,3,1,76.996629478
2,1,6,1,1,100.0,100.0,3,9,1,77,2,5,77,1,52.742529497
2,1,7,1,1,80.0,40.0,3,9,1,77,2,6,77,1,290.53190338
2,1,6,2,1,150.0,45.0,3,9,1,77,2,6,77,1,100.52497169
1,2,4,1,2,650.0,0.0,2,4,77,1,77,3,3,1,256.78216107
1,1,6,1,4,100.0,300.0,2,3,77,1,77,7,3,1,109.52223174
2,1,7,1,1,186.50878955549945,80.75489671399761,1,4,77,77,77,5,77,1,56.538982314
2,2,7,1,1,200.0,40.0,2,3,77,1,77,8,3,1,54.069355693
2,1,4,1,1,186.50878955549945,80.75489671399761,1,5,77,77,77,5,77,1,115.5568061
1,1,7,1,1,200.0,20.0,1,3,77,77,77,5,77,1,80.389594947
2,1,6,1,1,186.50878955549945,80.75489671399761,1,5,77,77,77,5,77,1,51.796716957
2,1,4,1,2,186.50878955549945,80.75489671399761,1,5,77,77,77,5,77,1,252.89593777
2,1,6,1,3,20.0,30.651424470163256,2,9,77,2,77,4,2,1,181.68687756
2,2,3,2,1,186.50878955549945,80.75489671399761,1,4,77,77,77,5,77,1,352.20202569
1,2,7,1,1,250.0,55.0,3,3,1,77,3,8,77,1,54.069355693
2,1,7,1,1,186.50878955549945,80.75489671399761,1,5,77,77,77,5,77,1,56.538982314
2,1,6,1,1,300.0,75.0,2,2,77,1,77,8,3,1,54.069355693
2,1,7,1,2,150.0,150.0,2,6,77,1,77,7,3,1,133.76810475
1,2,7,1,1,80.0,0.0,2,2,77,1,77,5,3,1,40.414232465
2,1,3,1,2,350.0,123.37333354047357,1,4,77,77,77,6,77,1,549.59231247
2,1,6,1,1,186.50878955549945,80.75489671399761,1,5,77,77,77,5,77,1,52.742529497
2,1,6,1,1,200.0,0.0,2,3,77,1,77,8,3,1,40.414232465
1,1,7,1,1,500.0,100.0,3,9,1,77,2,2,77,1,308.72544026
1,2,4,1,1,80.0,0.0,2,2,77,1,77,5,3,1,1432.2445834
1,1,6,2,2,220.0,70.0,2,2,77,2,77,6,2,1,78.319906896
2,1,7,1,1,300.0,120.0,2,3,77,1,77,8,3,1,87.829654772
1,2,6,1,4,350.0,10.0,2,3,77,1,77,4,3,1,109.52223174
2,2,6,1,1,40.0,0.0,1,3,77,77,77,2,77,1,80.389594947
1,2,7,1,1,45.0,0.0,2,2,77,1,77,2,3,1,80.389594947
2,1,7,1,1,70.0,150.0,2,8,77,1,77,6,3,1,54.069355693
2,1,7,1,1,186.50878955549945,80.75489671399761,1,4,77,77,77,5,77,1,54.069355693
1,2,7,1,2,200.0,84.27172962269773,1,2,77,77,77,5,77,1,138.13147418
1,1,7,1,2,75.0,21.0,3,2,2,77,3,7,77,1,133.76810475
1,1,7,1,1,200.0,50.0,2,3,77,1,77,7,3,1,52.742529497
2,1,6,1,2,200.0,10.0,2,3,77,1,77,6,3,1,74.386360892
2,1,7,2,1,100.0,250.0,1,9,77,77,77,5,77,1,140.83504915
2,1,7,1,1,200.0,0.0,1,2,77,77,77,8,77,1,55.806555255
1,2,3,1,2,186.50878955549945,80.75489671399761,1,2,77,77,77,5,77,1,616.04287811
2,1,6,1,1,400.0,300.0,2,2,77,1,77,8,3,1,87.829654772
2,1,7,1,1,25.0,100.0,3,5,1,77,2,6,77,1,988.61012428
2,1,6,2,1,200.0,100.0,2,2,77,1,77,5,3,1,79.416093158
1,1,6,1,1,120.0,50.0,2,3,77,1,77,4,3,1,52.742529497
2,2,7,1,2,100.0,175.0,2,2,77,2,77,5,4,1,122.21400107
2,1,6,1,2,150.0,150.0,3,3,1,77,3,3,77,1,74.386360892
2,1,7,1,1,300.0,120.0,2,9,77,1,77,6,2,1,54.069355693
2,2,6,1,2,186.50878955549945,80.75489671399761,1,4,77,77,77,5,77,1,79.743425153
1,1,4,1,1,200.0,30.0,3,8,1,77,2,5,77,1,88.60840646
2,1,4,1,2,75.0,30.0,2,3,77,1,77,6,3,1,81.006254031
2,1,7,1,1,500.0,0.0,1,5,77,77,77,5,77,1,40.414232465
2,1,4,1,1,100.0,35.0,3,3,1,77,3,5,77,1,170.35479102
2,1,7,1,4,150.0,150.0,2,3,77,1,77,8,3,1,138.63335259
1,1,7,1,1,250.0,200.0,3,9,1,77,2,8,77,1,93.047593504
1,1,7,1,1,200.0,0.0,2,9,77,1,77,8,3,1,40.414232465
2,1,6,1,2,400.0,150.0,2,3,77,1,77,7,3,1,693.8096995
2,1,7,1,2,186.50878955549945,80.75489671399761,1,5,77,77,77,5,77,1,114.54682373
2,1,7,1,1,186.50878955549945,80.75489671399761,1,5,77,77,77,5,77,1,93.047593504
1,1,6,1,1,80.0,90.0,3,8,1,77,2,1,77,1,54.069355693
2,1,7,1,2,250.0,100.0,3,5,1,77,2,6,77,1,108.61604004
2,1,5,1,1,60.0,20.0,3,9,1,77,2,6,77,1,115.89084824
2,1,7,1,1,50.0,100.0,2,3,77,1,77,7,3,1,40.414232465
2,1,7,1,1,300.0,40.0,1,8,77,77,77,8,77,1,52.742529497
2,1,3,1,1,50.0,0.0,3,5,1,77,2,4,77,1,252.00564833
1,2,3,1,2,75.0,0.0,3,6,1,77,1,3,77,1,496.83719384
2,1,6,1,1,85.0,15.0,2,3,77,1,77,7,3,1,80.389594947
2,1,6,1,1,186.50878955549945,80.75489671399761,1,5,77,77,77,5,77,1,68.094076165
1,1,6,1,1,186.50878955549945,80.75489671399761,1,4,77,77,77,5,77,1,68.094076165
2,1,6,1,3,75.0,50.0,3,8,1,77,3,6,77,1,580.55677352
2,1,7,1,1,100.0,50.0,2,3,77,1,77,8,3,1,2338.5418966
2,1,6,1,1,150.0,150.0,3,9,1,77,2,7,77,1,167.5928172
1,1,7,1,1,300.0,0.0,1,4,77,77,77,5,77,1,56.538982314
2,1,7,1,1,200.0,40.0,2,7,77,1,77,5,3,1,54.069355693
2,2,7,1,1,150.0,0.0,3,9,1,77,2,6,77,1,80.389594947
2,1,4,1,2,650.0,250.0,2,2,77,1,77,5,3,1,232.13375704
2,1,7,1,2,150.0,0.0,2,3,77,1,77,6,3,1,133.76810475
1,2,4,1,2,85.0,0.0,3,8,1,77,2,2,77,1,209.71633423
2,2,6,1,1,30.0,0.0,2,3,77,1,77,1,3,1,56.538982314
2,2,6,1,1,150.0,100.0,2,2,77,1,77,6,3,1,87.829654772
2,1,4,1,1,180.0,50.0,3,3,1,77,3,1,77,1,141.91198674
2,2,6,1,2,25.0,0.0,2,3,77,1,77,4,3,1,122.21400107
2,1,6,1,2,186.50878955549945,80.75489671399761,1,5,77,77,77,5,77,1,108.61604004
1,2,4,1,2,40.0,0.0,3,9,1,77,2,3,77,1,174.83785779
2,1,3,2,2,200.0,100.0,1,4,77,77,77,5,77,1,420.19404469
2,1,7,1,2,175.0,25.0,2,2,77,1,77,7,3,1,79.743425153
2,1,6,1,2,300.0,150.0,2,3,77,1,77,3,3,1,74.386360892
2,1,7,1,1,200.0,100.0,1,5,77,77,77,5,77,1,40.414232465
2,1,7,1,1,0.0,200.0,2,2,77,1,77,5,3,1,87.829654772
2,1,6,1,1,186.50878955549945,80.75489671399761,1,4,77,77,77,5,77,1,93.047593504
2,1,6,1,1,250.0,250.0,1,4,77,77,77,6,77,1,167.5928172
2,1,7,1,1,300.0,100.0,2,2,77,1,77,8,3,1,150.17999935
2,1,7,1,1,186.50878955549945,80.75489671399761,1,5,77,77,77,5,77,1,167.5928172
1,1,6,1,1,200.0,100.0,2,9,77,1,77,4,3,1,55.806555255
2,1,7,1,1,300.0,100.0,2,3,77,1,77,8,3,1,51.796716957
2,1,6,1,1,50.0,50.0,3,9,1,77,2,5,77,1,40.414232465
2,1,7,1,1,30.0,75.0,3,9,1,77,2,7,77,1,1815.8202147
2,1,7,2,4,100.0,35.0,3,8,1,77,3,6,77,1,100.52497169
1,1,7,1,1,400.0,150.0,1,2,77,77,77,8,77,1,150.17999935
2,1,7,1,1,100.0,500.0,2,2,77,1,77,8,3,1,40.414232465
2,1,6,1,1,186.50878955549945,80.75489671399761,1,5,77,77,77,5,77,1,93.047593504
1,2,3,1,2,558.0,40.0,3,9,1,77,2,1,77,1,549.59231247
2,1,7,1,3,189.227868327961,83.76211784231891,2,2,77,1,77,6,3,1,138.63335259
2,1,7,1,1,500.0,60.0,2,3,77,1,77,7,3,1,87.829654772
1,2,6,1,2,186.50878955549945,80.75489671399761,1,2,77,77,77,5,77,1,107.8796218
1,1,3,1,4,50.0,100.0,2,9,77,1,77,3,3,1,1172.0556492
2,2,6,1,1,100.0,80.0,3,9,1,77,2,8,77,1,56.538982314
2,1,7,1,1,200.0,100.0,2,2,77,1,77,5,3,1,55.806555255
2,2,4,1,2,150.0,100.0,3,9,1,77,2,1,77,1,256.78216107
2,1,7,1,1,100.0,30.0,2,3,77,2,77,4,3,1,54.069355693
1,1,7,1,1,186.50878955549945,80.75489671399761,1,4,77,77,77,5,77,1,150.17999935
1,2,3,1,2,0.0,0.0,3,6,1,77,2,1,77,1,891.08127574
2,1,7,2,1,500.0,100.0,3,8,1,77,3,5,77,1,76.996629478
2,2,7,1,1,90.0,0.0,2,3,77,1,77,4,3,1,80.389594947
2,1,7,1,1,150.0,55.0,1,2,77,77,77,8,77,1,342.45641261
2,1,7,2,1,100.0,0.0,3,7,1,77,2,3,77,1,794.16528033
2,1,7,1,2,186.50878955549945,80.75489671399761,1,5,77,77,77,5,77,1,133.76810475
1,2,5,1,4,150.0,200.0,2,2,77,2,77,8,3,1,150.97080221
2,1,7,1,1,100.0,150.0,2,3,77,1,77,8,3,1,54.069355693
2,1,7,1,1,130.0,150.0,1,6,77,77,77,6,77,1,87.829654772
2,2,7,1,1,182.53812737488647,76.36258798369182,1,2,77,77,77,5,77,1,56.538982314
2,1,7,1,1,140.0,10.0,3,9,1,77,2,6,77,1,167.5928172
2,1,3,2,1,80.0,150.0,3,1,1,77,2,1,77,1,352.20202569
1,1,7,1,1,300.0,50.0,2,3,77,1,77,8,3,1,55.806555255
1,1,6,1,2,187.45582981090902,84.03439854651869,1,3,77,77,77,5,77,1,133.03419262
1,1,1,2,1,187.45582981090902,84.03439854651869,1,4,77,77,77,5,77,1,420.19404469
2,1,6,1,1,187.45582981090902,84.03439854651869,1,5,77,77,77,5,77,1,55.157586462
1,1,4,1,3,187.45582981090902,84.03439854651869,1,4,77,77,77,5,77,1,332.6386948
2,2,7,1,3,200.0,75.0,1,8,77,77,77,7,77,1,216.23529587
1,1,7,2,1,300.0,500.0,2,2,77,1,77,6,3,1,79.416093158
2,1,7,1,2,187.45582981090902,84.03439854651869,1,4,77,77,77,5,77,1,138.13147418
1,1,6,1,1,187.45582981090902,84.03439854651869,1,3,77,77,77,5,77,1,167.5928172
2,1,6,1,1,187.45582981090902,84.03439854651869,1,5,77,77,77,5,77,1,40.414232465
2,1,6,1,2,187.45582981090902,84.03439854651869,1,5,77,77,77,5,77,1,95.65147396
2,1,7,1,1,160.0,40.0,2,2,77,1,77,8,3,1,167.5928172
1,2,3,2,1,187.45582981090902,84.03439854651869,1,5,77,77,77,5,77,1,420.19404469
2,1,7,1,3,120.0,120.0,3,8,1,77,2,5,77,1,181.68687756
2,1,6,1,1,500.0,500.0,2,2,77,1,77,8,3,1,313.73252839
2,1,6,1,2,100.0,100.0,3,9,1,77,2,6,77,1,773.14296934
2,1,7,2,1,83.0,87.0,3,4,1,77,2,8,77,1,78.319906896
2,1,7,1,1,40.0,120.0,2,2,77,1,77,6,3,1,55.157586462
2,2,6,2,1,200.0,50.0,1,3,77,77,77,5,77,1,64.227511174
2,1,3,2,1,187.45582981090902,84.03439854651869,1,4,77,77,77,5,77,1,453.9405908
2,1,6,1,1,187.45582981090902,84.03439854651869,1,5,77,77,77,5,77,1,51.796716957
2,1,6,1,1,187.45582981090902,84.03439854651869,1,5,77,77,77,5,77,1,54.069355693
2,1,5,1,1,200.0,50.0,2,2,77,1,77,5,3,1,137.01810073
1,1,4,1,2,176.0,0.0,2,3,77,1,77,5,3,1,145.67257955
2,1,4,1,1,100.0,120.0,2,2,77,1,77,5,3,1,115.89084824
1,1,6,1,1,375.0,175.0,2,2,77,1,77,7,3,1,150.17999935
2,1,7,1,1,250.0,250.0,1,2,77,77,77,8,77,1,56.538982314
1,2,7,1,2,200.0,300.0,2,3,77,1,77,6,3,1,95.65147396
2,2,6,1,1,80.0,70.0,1,5,77,77,77,7,77,1,80.389594947
2,1,7,1,1,200.0,40.0,2,2,77,1,77,8,3,1,150.17999935
2,2,7,1,2,55.0,30.0,2,3,77,1,77,4,3,1,133.03419262
1,1,7,1,2,75.0,30.0,1,3,77,77,77,5,77,1,122.21400107
1,1,4,2,4,300.0,107.95786726051735,1,4,77,77,77,6,77,1,109.47102796
2,1,7,1,2,250.0,40.0,2,2,77,1,77,2,3,1,219.21662839
2,1,6,1,1,350.0,200.0,2,3,77,1,77,8,3,1,326.02611495
2,1,7,1,1,50.0,0.0,2,3,77,1,77,4,3,1,52.742529497
2,1,7,1,1,187.45582981090902,84.03439854651869,1,5,77,77,77,5,77,1,150.17999935
2,1,7,1,2,150.0,120.0,2,3,77,1,77,5,3,1,108.61604004
2,1,7,1,1,187.45582981090902,84.03439854651869,1,5,77,77,77,5,77,1,55.157586462
1,2,6,1,2,200.0,0.0,2,3,77,1,77,8,3,1,108.61604004
2,2,7,1,1,650.0,233.0,1,3,77,77,77,8,77,1,150.17999935
2,1,4,1,2,120.0,35.0,2,3,77,1,77,5,3,1,81.006254031
1,2,6,1,2,95.0,20.0,3,6,2,77,2,2,77,1,74.386360892
1,1,4,1,2,187.45582981090902,84.03439854651869,1,3,77,77,77,5,77,1,252.89593777
2,1,6,1,4,400.0,200.0,2,9,77,1,77,8,3,1,181.68687756
2,1,7,2,2,100.0,60.0,2,3,77,1,77,6,3,1,79.416093158
1,1,6,1,2,187.45582981090902,84.03439854651869,1,3,77,77,77,5,77,1,74.386360892
1,2,4,1,2,75.0,50.75645768369086,2,3,77,1,77,4,3,1,204.64892199
2,1,6,1,1,150.0,0.0,2,2,77,1,77,8,3,1,51.796716957
1,2,6,1,2,187.45582981090902,84.03439854651869,1,3,77,77,77,5,77,1,74.386360892
2,2,4,1,2,150.0,50.0,2,2,77,69,77,7,77,1,145.67257955
2,1,7,1,1,200.0,100.0,2,2,77,1,77,8,3,1,40.414232465
2,1,6,1,1,187.45582981090902,84.03439854651869,1,5,77,77,77,5,77,1,167.5928172
2,2,4,1,2,100.0,50.0,1,3,77,77,77,4,77,1,183.87281211
1,2,6,1,2,194.0,30.0,1,3,77,77,77,5,77,1,74.386360892
2,1,7,1,2,350.0,150.0,1,5,77,77,77,6,77,1,79.743425153
2,2,6,2,1,500.0,150.0,3,9,1,77,2,5,77,1,54.391850865
1,1,7,1,1,120.0,0.0,2,2,77,2,77,5,4,1,52.742529497
1,1,4,2,4,187.45582981090902,84.03439854651869,1,4,77,77,77,5,77,1,164.55688196
2,1,7,1,1,100.0,0.0,2,9,77,1,77,5,3,1,52.742529497
2,2,7,1,2,150.0,50.0,2,6,77,1,77,6,3,1,603.81872869
1,1,3,2,1,187.45582981090902,84.03439854651869,1,4,77,77,77,5,77,1,420.19404469
2,1,7,1,1,671.0,101.0,1,2,77,77,77,7,77,1,93.047593504
2,1,6,2,1,60.0,30.0,1,5,77,77,77,5,77,1,78.319906896
2,1,7,1,1,300.0,60.0,2,3,77,1,77,8,3,1,55.806555255
2,1,7,1,1,250.0,100.0,2,3,77,1,77,8,3,1,51.796716957
2,2,7,1,2,100.0,100.0,2,2,77,1,77,5,3,1,114.54682373
2,1,7,1,2,60.0,100.0,1,3,77,77,77,8,77,1,74.386360892
2,2,7,1,1,80.0,84.0,1,9,77,77,77,6,77,1,80.389594947
2,1,4,1,2,187.45582981090902,84.03439854651869,1,5,77,77,77,5,77,1,174.83785779
1,1,3,1,2,187.45582981090902,84.03439854651869,1,4,77,77,77,5,77,1,335.90647223
1,2,6,1,1,187.45582981090902,84.03439854651869,1,3,77,77,77,5,77,1,54.069355693
2,1,7,1,1,200.0,100.0,1,8,77,77,77,7,77,1,56.538982314
1,1,6,1,1,150.0,150.0,2,2,77,1,77,6,3,1,150.17999935
2,1,6,2,1,20.0,50.0,2,2,77,1,77,6,3,1,65.136620433
2,2,6,1,1,279.5320025634637,300.0,1,3,77,77,77,6,77,1,52.742529497
1,2,4,1,2,200.0,48.0,3,2,1,77,2,6,77,1,174.83785779
2,1,7,1,1,300.0,100.0,2,3,77,1,77,8,3,1,57.77454569
1,2,7,1,1,125.0,30.0,1,9,77,77,77,7,77,1,56.538982314
2,1,7,1,1,187.45582981090902,84.03439854651869,1,5,77,77,77,5,77,1,54.069355693
1,1,6,1,1,400.0,60.0,2,2,77,1,77,7,3,1,55.157586462
1,1,6,2,1,187.45582981090902,84.03439854651869,1,4,77,77,77,5,77,1,78.319906896
2,1,7,1,1,400.0,200.0,2,3,77,1,77,8,3,1,40.414232465
2,1,7,1,1,75.0,75.0,2,9,77,1,77,8,3,1,93.047593504
2,1,7,1,2,200.0,300.0,2,7,77,1,77,7,3,1,108.61604004
2,2,6,1,1,187.45582981090902,84.03439854651869,1,3,77,77,77,5,77,1,57.77454569
1,2,3,1,2,105.0,25.0,2,2,77,1,77,2,3,1,616.04287811
1,1,4,1,4,100.0,20.0,1,3,77,77,77,5,77,1,150.97080221
1,2,3,1,2,187.45582981090902,84.03439854651869,1,4,77,77,77,5,77,1,762.46048398
1,1,6,1,1,225.0,200.0,2,2,77,1,77,5,3,1,51.796716957
2,2,7,1,1,200.0,0.0,1,3,77,77,77,8,77,1,56.538982314
2,1,7,1,1,135.0,35.0,3,9,1,77,2,7,77,1,80.389594947
2,2,6,1,1,200.0,300.0,3,3,1,77,2,5,77,1,150.17999935
2,1,4,1,2,50.0,15.0,2,7,77,1,77,4,3,1,183.87281211
2,1,7,1,1,200.0,40.0,1,5,77,77,77,5,77,1,93.047593504
1,1,7,1,3,150.0,100.0,3,3,1,77,2,8,77,1,109.52223174
1,1,7,1,1,150.0,150.0,2,3,77,1,77,8,3,1,93.047593504
1,1,7,1,1,60.0,150.0,3,9,1,77,2,3,77,1,87.829654772
1,2,6,1,1,150.0,40.0,1,3,77,77,77,8,77,1,68.094076165
2,1,7,1,1,350.0,10.0,3,9,1,77,2,6,77,1,127.06665077
2,1,7,2,1,80.0,0.0,2,3,77,1,77,6,3,1,78.319906896
2,1,7,1,1,200.0,100.0,3,3,1,77,2,8,77,1,55.157586462
2,2,7,2,1,135.0,0.0,2,2,77,1,77,6,3,1,77.522584905
1,1,3,1,1,380.0,124.96338513075604,1,4,77,77,77,6,77,1,260.89250226
2,1,7,1,2,250.0,25.0,2,3,77,1,77,8,3,1,133.76810475
2,1,6,1,1,250.0,250.0,3,9,1,77,2,8,77,1,68.094076165
1,1,7,1,1,10.0,40.0,3,9,1,77,2,5,77,1,52.742529497
2,1,7,1,1,200.0,100.0,2,2,77,1,77,8,3,1,51.796716957
1,2,4,1,2,100.0,20.0,3,9,1,77,2,1,77,1,81.006254031
2,1,7,1,1,100.0,120.0,2,2,77,1,77,8,3,1,40.414232465
1,1,7,1,1,100.0,100.0,3,9,1,77,2,3,77,1,40.414232465
1,1,7,1,1,200.0,0.0,2,3,77,1,77,7,3,1,87.829654772
2,2,1,1,2,0.0,60.0,3,4,2,77,2,1,77,1,3328.8786607
2,1,7,1,1,400.0,200.0,1,3,77,77,77,8,77,1,251.18801534
2,1,7,1,1,160.0,80.0,3,5,1,77,2,7,77,1,1690.707949
2,1,6,1,1,200.0,50.0,3,9,1,77,2,6,77,1,612.22579147
2,1,6,1,1,250.0,100.0,3,9,1,77,2,7,77,1,167.5928172
1,2,6,1,1,200.0,100.0,2,2,77,1,77,6,3,1,80.389594947
1,1,7,1,2,100.0,75.0,2,3,77,1,77,4,3,1,107.8796218
2,1,7,1,1,250.0,250.0,3,9,1,77,2,7,77,1,55.157586462
2,1,7,2,1,200.0,350.0,2,3,77,1,77,8,3,1,77.522584905
2,1,6,1,1,200.0,50.0,2,3,77,1,77,8,3,1,57.77454569
2,1,7,1,1,200.0,50.0,2,3,77,1,77,8,3,1,54.069355693
2,1,3,1,2,400.0,129.2147645983157,1,3,77,77,77,6,77,1,549.59231247
2,1,7,1,3,150.0,50.0,3,3,1,77,2,4,77,1,111.40449979
1,1,7,1,1,50.0,50.0,3,4,1,77,2,8,77,1,51.796716957
1,2,7,1,4,25.0,9.0,3,9,1,77,2,1,77,1,88.575754397
2,2,6,1,1,17.0,0.0,1,3,77,77,77,5,77,1,56.538982314
2,1,6,1,1,187.45582981090902,84.03439854651869,1,5,77,77,77,5,77,1,93.047593504
2,1,7,1,1,200.0,40.0,2,8,77,1,77,6,3,1,411.32637156
2,1,7,1,3,187.45582981090902,84.03439854651869,1,5,77,77,77,5,77,1,138.63335259
2,1,7,1,1,200.0,0.0,1,2,77,77,77,8,77,1,52.742529497
2,1,7,1,2,75.0,0.0,3,3,1,77,2,4,77,1,107.8796218
2,1,7,1,1,200.0,300.0,1,9,77,77,77,8,77,1,40.414232465
2,1,7,1,1,187.45582981090902,84.03439854651869,3,4,1,77,2,5,77,1,87.829654772
2,2,7,1,1,130.0,74.20810739843131,2,3,77,1,77,6,3,1,80.389594947
2,1,6,1,2,100.0,0.0,2,3,77,1,77,4,3,1,107.8796218
2,1,4,1,2,55.0,75.0,3,9,1,77,2,6,77,1,174.83785779
1,1,6,1,4,100.0,0.0,1,2,77,77,77,5,77,1,151.716277
2,2,6,1,2,200.0,60.0,2,8,77,1,77,6,3,1,74.386360892
2,1,7,1,1,220.0,65.0,3,9,1,77,2,8,77,1,318.94870762
1,2,6,1,2,100.0,150.0,3,7,2,77,3,4,77,1,138.13147418
2,2,7,1,2,150.0,100.0,2,4,77,1,77,6,3,1,107.8796218
2,1,7,1,1,150.0,50.0,2,9,77,1,77,6,3,1,57.77454569
2,1,7,1,2,300.0,0.0,1,3,77,77,77,6,77,1,79.743425153
2,1,7,1,1,60.0,60.0,3,9,1,77,2,5,77,1,68.094076165
2,1,7,1,1,200.0,40.0,2,3,77,1,77,8,3,1,93.047593504
2,1,6,1,3,250.0,0.0,2,3,77,1,77,5,3,1,181.68687756
2,1,3,2,2,115.0,32.0,3,4,1,77,2,2,77,1,363.2692635
2,1,4,1,2,250.0,60.0,1,3,77,77,77,6,77,1,232.13375704
2,2,7,1,1,187.45582981090902,84.03439854651869,1,3,77,77,77,5,77,1,80.389594947
2,1,7,1,1,100.0,50.0,4,4,77,77,77,7,77,1,87.829654772
1,1,3,1,2,25.0,15.0,3,2,2,77,3,3,77,1,616.04287811
1,2,5,1,2,75.0,22.0,3,9,1,77,2,1,77,1,183.87281211
2,1,6,1,1,250.0,100.0,2,3,77,1,77,7,3,1,40.414232465
1,2,4,1,2,0.0,30.0,2,2,77,1,77,3,3,1,183.87281211
2,1,7,1,1,100.0,50.0,2,3,77,1,77,8,3,1,55.962153086
2,1,7,1,3,65.0,50.0,3,9,1,77,2,5,77,1,111.40449979
1,1,6,2,1,187.45582981090902,84.03439854651869,1,3,77,77,77,5,77,1,79.416093158
1,2,6,1,1,70.0,20.0,2,3,77,1,77,8,3,1,57.77454569
1,1,4,1,2,187.45582981090902,84.03439854651869,1,4,77,77,77,5,77,1,232.13375704
2,1,7,1,1,191.19887241456226,92.54325631277483,2,7,77,1,77,7,3,1,57.77454569
2,1,6,1,2,100.0,40.0,2,3,77,1,77,4,3,1,108.61604004
2,1,7,1,2,200.0,25.0,1,2,77,77,77,8,77,1,133.03419262
1,2,7,1,1,187.45582981090902,84.03439854651869,1,5,77,77,77,5,77,1,52.742529497
2,1,7,1,2,400.0,150.0,2,3,77,1,77,7,3,1,108.61604004
2,1,7,1,4,500.0,0.0,1,6,77,77,77,6,77,1,138.63335259
1,2,5,1,2,300.0,75.0,2,2,77,1,77,6,3,1,81.006254031
2,2,7,1,1,150.0,0.0,1,3,77,77,77,6,77,1,80.389594947
1,2,5,1,2,25.0,0.0,3,5,1,77,2,2,77,1,174.83785779
2,1,7,1,1,100.0,25.0,3,9,1,77,2,6,77,1,51.796716957
2,2,7,1,1,200.0,0.0,2,2,77,1,77,3,3,1,80.389594947
1,1,7,1,1,187.45582981090902,84.03439854651869,1,3,77,77,77,5,77,1,51.796716957
2,1,7,1,4,200.0,120.0,3,2,1,77,2,5,77,1,181.68687756
2,2,6,1,1,300.0,400.0,2,4,77,1,77,6,3,1,55.806555255
1,2,4,1,2,187.45582981090902,84.03439854651869,1,5,77,77,77,5,77,1,256.78216107
1,2,5,1,2,300.0,50.0,3,4,1,77,2,3,77,1,256.78216107
1,1,7,1,3,200.0,100.0,2,2,77,1,77,5,3,1,138.63335259
2,1,5,1,3,250.0,200.0,2,7,77,2,77,3,4,1,234.07046623
1,1,4,1,2,355.0,25.0,3,3,2,77,4,3,77,1,145.67257955
2,2,7,1,1,187.45582981090902,84.03439854651869,1,3,77,77,77,5,77,1,80.389594947
2,1,7,1,1,350.0,100.0,1,9,77,77,77,8,77,1,87.829654772
2,1,6,1,1,300.0,100.0,2,2,77,1,77,7,3,1,93.047593504
1,1,6,1,2,100.0,40.0,2,2,77,1,77,5,3,1,74.386360892
2,1,7,1,1,194.24746031204847,99.47345168296147,2,2,77,1,77,8,3,1,55.806555255
1,1,4,1,1,75.0,0.0,2,3,77,1,77,5,3,1,646.78910237
1,1,7,1,1,400.0,70.0,3,4,1,77,2,3,77,1,1354.70097
1,2,4,1,2,200.0,50.0,2,2,77,2,77,5,4,1,204.64892199
2,1,7,1,1,300.0,100.0,3,9,1,77,2,7,77,1,54.069355693
2,1,7,1,1,400.0,50.0,1,2,77,77,77,8,77,1,54.069355693
2,2,4,1,2,100.0,20.0,2,3,77,1,77,3,3,1,183.87281211
1,2,7,1,1,100.0,50.0,2,9,77,1,77,7,3,1,55.806555255
2,2,6,1,1,200.0,200.0,1,3,77,77,77,8,77,1,93.047593504
1,2,7,1,1,100.0,40.0,2,9,77,2,77,3,3,1,52.742529497
2,1,7,1,1,187.45582981090902,84.03439854651869,1,5,77,77,77,5,77,1,51.796716957
2,1,5,1,2,150.0,100.0,1,5,77,77,77,5,77,1,183.87281211
2,1,7,1,1,250.0,0.0,2,3,77,1,77,6,3,1,57.77454569
2,2,7,1,1,250.0,60.0,1,3,77,77,77,8,77,1,80.389594947
2,2,7,1,2,50.0,0.0,1,3,77,77,77,4,77,1,133.03419262
1,2,6,1,1,187.45582981090902,84.03439854651869,1,3,77,77,77,5,77,1,55.806555255
2,1,7,1,2,0.0,0.0,2,2,77,1,77,8,3,1,79.743425153
2,1,6,1,1,78.0,0.0,2,3,77,1,77,6,3,1,57.77454569
2,2,3,1,2,150.0,80.0,3,6,1,77,2,1,77,1,2034.5842947
2,1,7,1,2,200.0,0.0,3,5,1,77,2,4,77,1,1761.764388
1,1,4,1,1,100.0,61.99196019617179,3,4,1,77,2,5,77,1,1432.2445834
2,1,7,1,1,150.0,70.0,2,3,77,1,77,5,3,1,57.77454569
2,1,6,1,1,200.0,70.0,1,5,77,77,77,5,77,1,51.796716957
2,1,4,1,2,187.45582981090902,84.03439854651869,1,5,77,77,77,5,77,1,81.006254031
2,1,4,1,1,50.0,100.0,3,9,1,77,2,4,77,1,57.436265081
1,2,5,1,4,70.0,0.0,2,5,77,2,77,1,4,1,234.07046623
2,1,7,1,2,320.0,20.0,2,2,77,1,77,5,3,1,95.65147396
1,1,7,1,1,187.45582981090902,84.03439854651869,1,4,77,77,77,5,77,1,150.17999935
2,2,6,1,1,200.0,0.0,1,2,77,77,77,6,77,1,80.389594947
2,2,4,1,1,187.45582981090902,84.03439854651869,1,3,77,77,77,5,77,1,143.07152929
2,1,7,1,1,250.0,25.0,3,9,1,77,2,5,77,1,57.77454569
2,2,7,1,1,150.0,150.0,1,3,77,77,77,6,77,1,52.742529497
2,1,7,1,3,150.0,40.0,3,7,1,77,2,5,77,1,445.5108224
2,1,7,1,1,187.45582981090902,84.03439854651869,1,5,77,77,77,5,77,1,51.796716957
2,2,6,1,1,187.45582981090902,84.03439854651869,1,3,77,77,77,5,77,1,167.5928172
2,2,7,1,1,187.45582981090902,84.03439854651869,1,3,77,77,77,5,77,1,80.389594947
2,1,7,1,1,375.0,0.0,2,2,77,1,77,8,3,1,57.77454569
2,1,7,1,1,120.0,0.0,1,9,77,77,77,4,77,1,80.389594947
2,1,6,1,2,100.0,100.0,2,2,77,1,77,5,3,1,74.386360892
2,2,6,1,1,150.0,60.0,3,3,1,77,2,5,77,1,51.796716957
2,1,7,2,1,300.0,85.0,2,3,77,1,77,7,3,1,78.319906896
2,1,7,1,1,187.45582981090902,84.03439854651869,1,5,77,77,77,5,77,1,93.047593504
2,1,7,1,1,150.0,0.0,2,3,77,1,77,8,3,1,224.05724783
2,1,6,1,2,120.0,150.0,2,3,77,1,77,4,3,1,122.21400107
2,1,7,1,1,150.0,50.0,3,8,1,77,2,6,77,1,54.069355693
2,2,3,1,3,200.0,0.0,3,8,2,77,4,1,77,1,1172.0556492
2,2,5,1,2,159.86391603408873,20.0,2,5,77,1,77,3,3,1,183.87281211
1,2,3,1,2,100.0,30.0,2,6,77,1,77,2,3,1,616.04287811
2,2,7,2,1,100.0,40.0,4,9,77,77,77,5,77,1,76.996629478
2,1,7,1,1,300.0,100.0,3,9,1,77,2,8,77,1,93.047593504
2,1,7,1,1,40.0,0.0,3,9,1,77,2,5,77,1,54.069355693
2,1,7,1,1,200.0,75.0,2,2,77,1,77,6,3,1,150.17999935
1,2,7,1,1,200.0,200.0,2,3,77,2,77,8,3,1,40.414232465
2,1,7,1,4,150.0,150.0,3,9,1,77,2,8,77,1,111.40449979
1,1,6,1,1,400.0,250.0,2,2,77,1,77,8,3,1,40.414232465
2,1,7,1,2,250.0,100.0,2,3,77,1,77,7,3,1,108.61604004
1,1,7,1,1,100.0,50.0,2,9,77,1,77,6,3,1,150.17999935
2,1,7,2,1,200.0,25.0,2,9,77,1,77,5,3,1,204.27162234
1,1,5,1,2,225.0,100.0,3,7,2,77,3,5,77,1,256.78216107
2,2,6,1,1,200.0,50.0,3,9,1,77,2,8,77,1,54.069355693
1,2,4,1,2,187.45582981090902,84.03439854651869,1,5,77,77,77,5,77,1,204.64892199
2,1,6,1,2,100.0,150.0,2,2,77,1,77,4,3,1,79.743425153
2,1,7,1,1,0.0,100.0,2,2,77,1,77,6,3,1,55.806555255
2,1,6,1,1,200.0,50.0,3,8,1,77,2,5,77,1,51.796716957
1,1,3,1,2,150.0,100.0,3,6,1,77,2,5,77,1,496.83719384
2,1,6,1,1,250.0,250.0,3,6,1,77,2,4,77,1,183.38674873
2,2,7,1,1,151.58061476172773,0.0,1,3,77,77,77,5,77,1,80.389594947
1,2,3,1,2,187.45582981090902,84.03439854651869,1,5,77,77,77,5,77,1,891.08127574
2,1,7,1,1,187.45582981090902,84.03439854651869,1,4,77,77,77,5,77,1,87.829654772
2,1,6,1,1,450.0,40.0,2,3,77,1,77,8,3,1,150.17999935
2,1,3,1,2,187.45582981090902,84.03439854651869,1,5,77,77,77,5,77,1,496.83719384
2,2,3,2,2,145.0,75.00967638692988,1,3,77,77,77,5,77,1,453.9405908
2,1,7,1,1,150.0,0.0,2,2,77,1,77,8,3,1,56.538982314
1,1,7,1,1,125.0,40.0,3,3,1,77,2,6,77,1,150.17999935
2,1,7,2,1,200.0,200.0,3,2,1,77,2,6,77,1,79.416093158
2,2,4,1,2,200.0,50.0,1,6,77,77,77,3,77,1,256.78216107
1,1,7,1,1,150.0,75.0,2,3,77,1,77,7,3,1,51.796716957
2,1,7,1,1,200.0,250.0,3,9,1,77,2,8,77,1,56.538982314
1,1,6,1,2,150.0,20.0,3,3,1,77,2,6,77,1,108.61604004
2,1,7,1,2,125.0,35.0,2,2,77,1,77,8,3,1,79.743425153
2,1,7,1,1,70.0,30.0,3,9,1,77,2,6,77,1,40.414232465
2,1,6,2,1,50.0,150.0,2,8,77,1,77,4,3,1,54.391850865
2,1,7,1,1,300.0,150.0,2,3,77,1,77,8,3,1,57.77454569
2,2,4,1,2,20.0,0.0,3,9,1,77,2,1,77,1,183.87281211
2,1,7,1,1,187.45582981090902,84.03439854651869,1,5,77,77,77,5,77,1,54.069355693
1,2,5,2,4,100.0,0.0,3,8,2,77,2,1,77,1,164.55688196
1,2,4,1,2,100.0,100.0,3,3,1,77,2,3,77,1,81.006254031
1,2,3,2,4,187.45582981090902,84.03439854651869,1,5,77,77,77,5,77,1,420.19404469
2,2,7,1,1,250.0,130.0,1,2,77,77,77,8,77,1,80.389594947
2,1,7,1,2,300.0,100.0,2,2,77,1,77,8,3,1,74.386360892
1,1,4,1,2,100.0,0.0,2,3,77,1,77,4,3,1,81.006254031
1,1,7,1,1,150.0,150.0,3,6,1,77,2,5,77,1,229.05185752
2,1,6,1,2,498.0,60.0,2,2,77,1,77,6,3,1,74.386360892
2,1,7,1,2,400.0,250.0,2,2,77,1,77,6,3,1,108.61604004
2,1,1,1,2,100.0,55.659681132583785,3,5,1,77,2,4,77,1,721.08245031
1,1,7,1,1,200.0,100.60169118250751,3,9,1,77,2,8,77,1,55.157586462
2,1,7,1,2,175.0,75.0,2,2,77,1,77,8,3,1,74.386360892
2,1,7,1,1,191.19887241456226,92.54325631277483,3,6,1,77,2,7,77,1,87.829654772
2,2,5,1,2,100.0,0.0,2,2,77,1,77,5,3,1,204.64892199
1,2,4,2,1,900.0,80.0,3,9,1,77,2,3,77,1,119.25440459
2,2,5,1,1,25.0,9.0,1,9,77,77,77,4,77,1,137.01810073
1,1,7,1,1,700.0,50.0,2,2,77,1,77,8,3,1,56.538982314
2,2,7,1,1,187.45582981090902,84.03439854651869,1,3,77,77,77,5,77,1,80.389594947
2,1,6,1,1,200.0,100.0,2,2,77,1,77,5,3,1,52.742529497
1,1,3,1,2,238.0,200.0,2,2,77,2,77,6,3,1,496.83719384
1,2,5,1,3,187.45582981090902,84.03439854651869,1,5,77,77,77,5,77,1,150.97080221
2,2,4,2,2,100.0,20.0,2,3,77,2,77,3,3,1,109.47102796
1,1,4,1,1,150.0,0.0,2,3,77,2,77,2,3,1,86.974946465
1,1,7,1,1,150.0,200.0,1,2,77,77,77,8,77,1,319.46131154
1,1,7,1,1,300.0,100.0,1,9,77,77,77,6,77,1,545.50695346
1,2,3,1,1,50.0,20.0,2,3,77,1,77,2,3,1,260.89250226
2,1,6,1,2,187.45582981090902,84.03439854651869,1,5,77,77,77,5,77,1,107.8796218
2,2,6,1,1,95.0,0.0,3,9,1,77,2,6,77,1,56.538982314
2,1,6,1,1,200.0,200.0,2,2,77,1,77,8,3,1,52.742529497
2,1,6,1,3,125.0,30.0,2,9,77,1,77,6,3,1,181.68687756
1,2,7,1,1,200.0,60.0,3,2,1,77,2,4,77,1,40.414232465
2,1,6,1,1,300.0,100.0,3,6,1,77,2,8,77,1,150.17999935
1,2,3,1,2,125.0,15.0,2,2,77,1,77,5,3,1,762.46048398
2,2,7,1,1,55.0,20.0,2,2,77,1,77,6,3,1,80.389594947
1,1,7,2,4,151.9309095442825,0.0,2,2,77,1,77,8,3,1,54.391850865
2,2,6,1,1,150.0,80.0,2,5,77,1,77,4,3,1,318.9001408
2,1,7,2,1,500.0,150.0,2,2,77,1,77,8,3,1,347.20220657
2,1,7,1,3,187.45582981090902,84.03439854651869,1,5,77,77,77,5,77,1,216.23529587
2,1,7,1,1,100.0,75.0,2,3,77,1,77,8,3,1,87.829654772
2,1,7,1,2,75.0,60.0,3,9,1,77,2,6,77,1,107.8796218
2,2,7,1,1,150.0,60.0,1,3,77,77,77,5,77,1,54.069355693
1,2,4,1,2,599.0,0.0,3,5,1,77,2,2,77,1,209.71633423
2,1,6,1,2,50.0,50.0,3,8,1,77,2,4,77,1,122.21400107
2,1,7,1,3,150.0,50.0,1,2,77,77,77,5,77,1,151.716277
2,1,6,1,2,250.0,75.0,2,9,77,1,77,4,3,1,107.8796218
1,1,4,1,2,200.0,50.0,3,4,1,77,2,4,77,1,81.006254031
2,2,6,1,1,140.0,35.0,1,3,77,77,77,8,77,1,80.389594947
2,1,7,1,1,30.0,500.0,2,10,77,1,77,7,3,1,87.829654772
2,2,7,1,3,187.45582981090902,84.03439854651869,1,3,77,77,77,5,77,1,109.52223174
2,1,4,1,1,70.0,50.0,3,9,1,77,2,7,77,1,859.5603935
2,1,7,1,2,200.0,70.0,2,8,77,1,77,8,3,1,657.88696404
2,1,6,1,1,250.0,30.0,3,9,1,77,2,6,77,1,1043.1260186
2,1,7,1,1,200.0,0.0,3,9,1,77,2,7,77,1,1237.2040902
2,1,7,1,1,150.0,18.0,1,2,77,77,77,8,77,1,56.538982314
1,2,7,1,1,187.45582981090902,84.03439854651869,1,5,77,77,77,5,77,1,40.414232465
1,2,6,2,1,600.0,300.0,3,9,1,77,2,3,77,1,100.52497169
1,1,6,2,1,185.0,185.0,3,9,2,77,3,1,77,1,54.391850865
2,1,6,1,1,200.0,200.0,1,3,77,77,77,7,77,1,87.829654772
2,1,7,1,2,40.0,6.0,2,2,77,1,77,1,3,1,133.76810475
2,1,7,1,1,200.0,50.0,2,3,77,1,77,8,3,1,55.806555255
2,2,7,1,1,350.0,0.0,3,4,1,77,2,8,77,1,435.06682828
2,1,6,1,2,150.0,100.0,3,4,1,77,2,8,77,1,784.69694109
2,2,4,1,2,400.0,100.0,3,6,1,77,2,3,77,1,174.83785779
1,2,7,1,2,100.0,100.0,1,3,77,77,77,5,77,1,95.65147396
2,1,7,1,3,120.0,60.0,2,2,77,1,77,7,3,1,151.716277
2,2,7,1,1,100.0,50.0,2,8,77,1,77,6,3,1,80.389594947
1,1,4,1,3,187.45582981090902,84.03439854651869,1,3,77,77,77,5,77,1,234.07046623
2,1,6,1,1,350.0,50.0,2,2,77,1,77,8,3,1,40.414232465
2,1,4,1,1,100.0,50.0,3,3,1,77,2,4,77,1,115.89084824
2,1,7,1,1,80.0,0.0,3,6,1,77,2,6,77,1,40.414232465
1,2,7,1,2,250.0,300.0,2,2,77,1,77,6,3,1,107.8796218
2,2,7,1,1,140.0,0.0,2,4,77,1,77,3,3,1,80.389594947
2,2,7,2,1,800.0,400.0,3,3,1,77,2,1,77,1,140.83504915
2,1,4,1,1,500.0,300.0,1,4,77,77,77,7,77,1,88.60840646
2,1,5,1,1,200.0,50.0,3,9,1,77,2,6,77,1,115.89084824
2,2,7,1,1,180.0,94.0,2,2,77,1,77,8,3,1,40.414232465
1,1,3,1,1,0.0,44.187175247122255,1,4,77,77,77,5,77,1,1160.1874243
1,1,7,1,1,95.0,0.0,3,8,1,77,2,4,77,1,68.094076165
2,2,7,1,2,200.0,100.0,2,2,77,1,77,8,3,1,74.386360892
1,1,7,1,1,125.0,0.0,3,9,1,77,2,3,77,1,56.538982314
2,1,7,1,1,200.0,100.0,2,3,77,1,77,8,3,1,55.806555255
1,2,7,1,2,150.0,22.0,1,3,77,77,77,5,77,1,107.8796218
1,2,7,1,1,150.0,0.0,1,2,77,77,77,7,77,1,56.538982314
2,1,4,1,2,125.0,90.0,2,4,77,1,77,6,3,1,204.64892199
1,1,4,1,2,60.0,55.0,2,3,77,1,77,7,3,1,174.83785779
2,1,7,1,1,100.0,50.0,3,9,1,77,2,6,77,1,57.77454569
1,2,4,2,1,150.0,0.0,3,3,2,77,2,3,77,1,119.25440459
2,1,7,1,1,200.0,200.0,2,3,77,1,77,8,3,1,87.829654772
2,1,7,1,1,150.0,275.0,2,3,77,1,77,8,3,1,117.78145411
1,2,6,1,3,100.0,50.0,2,3,77,1,77,5,3,1,151.716277
1,1,5,1,2,187.45582981090902,84.03439854651869,1,4,77,77,77,5,77,1,232.13375704
2,2,7,1,1,100.0,40.0,1,2,77,77,77,5,77,1,56.538982314
2,2,1,2,2,12.0,500.0,1,3,77,77,77,6,77,1,420.19404469
1,2,6,1,1,100.0,40.0,3,7,1,77,2,3,77,1,57.77454569
2,1,4,1,2,250.0,30.0,2,3,77,1,77,5,3,1,209.71633423
2,1,7,1,1,250.0,50.0,3,9,1,77,2,5,77,1,68.094076165
1,1,4,1,2,187.45582981090902,84.03439854651869,1,4,77,77,77,5,77,1,209.71633423
1,1,6,1,2,120.0,50.0,2,2,77,1,77,6,3,1,810.23292954
2,1,7,1,2,60.0,40.0,2,3,77,1,77,6,3,1,856.16441642
2,2,7,1,1,187.45582981090902,84.03439854651869,1,2,77,77,77,5,77,1,52.742529497
2,1,7,1,1,200.0,100.0,2,2,77,1,77,7,3,1,87.829654772
2,1,6,1,1,150.0,100.0,3,8,1,77,2,7,77,1,55.157586462
2,1,7,1,1,75.0,75.0,2,4,77,1,77,8,3,1,51.796716957
2,2,4,1,2,150.0,0.0,4,3,77,77,77,1,77,1,204.64892199
1,2,3,1,2,187.45582981090902,84.03439854651869,1,3,77,77,77,5,77,1,549.59231247
2,1,7,1,1,200.0,150.0,3,3,1,77,2,5,77,1,93.047593504
1,2,6,1,1,172.68038087888817,49.0,3,2,1,77,2,7,77,1,93.047593504
1,2,7,1,2,500.0,50.0,3,4,2,77,1,1,77,1,95.65147396
2,1,7,1,1,200.0,50.0,2,9,77,1,77,8,3,1,40.414232465
1,2,4,1,2,300.0,45.0,3,5,1,77,2,4,77,1,209.71633423
2,2,4,2,2,187.45582981090902,84.03439854651869,1,3,77,77,77,5,77,1,164.55688196
2,1,7,1,1,200.0,100.0,1,3,77,77,77,8,77,1,87.829654772
2,2,7,1,1,300.0,0.0,1,2,77,77,77,8,77,1,56.538982314
2,1,6,1,2,150.0,150.0,2,7,77,1,77,5,3,1,108.61604004
2,2,7,1,1,100.0,100.0,1,9,77,77,77,6,77,1,80.389594947
2,1,7,1,1,200.0,400.0,2,6,77,1,77,7,3,1,59.593300091
2,1,6,1,3,40.0,70.0,3,9,1,77,2,6,77,1,153.13061592
